X,Y,Count
61,56,39
78,5,39
25,91,38
79,22,38
16,35,37
43,24,37
23,65,37
18,21,36
54,16,35
23,25,35
31,2,35
30,90,35
58,97,34
42,89,34
54,56,34
61,35,34
33,16,34
29,83,34
37,5,34
36,64,34
40,20,34
34,73,34
93,43,34
72,7,34
6,26,34
73,27,34
30,42,33
32,2,33
18,77,33
90,13,33
67,5,33
9,62,33
4,3,33
99,90,33
61,71,33
70,77,33
0,44,33
56,77,33
69,84,33
67,42,33
62,3,33
51,7,33
60,90,33
49,87,33
21,31,33
25,3,33
5,33,32
62,59,32
1,68,32
75,63,32
81,36,32
53,20,32
64,22,32
68,87,32
91,31,32
61,60,32
32,11,32
48,20,32
70,12,32
55,3,32
49,20,32
50,67,32
20,98,32
74,37,32
69,45,32
41,32,32
22,81,32
2,60,32
31,92,32
34,70,32
68,80,32
22,35,32
24,80,32
15,32,32
81,86,32
77,51,32
68,71,32
22,33,32
19,3,32
48,55,32
38,85,32
42,69,32
93,9,32
16,4,32
40,34,32
21,88,32
60,31,32
78,46,31
83,75,31
34,44,31
96,66,31
86,47,31
44,90,31
61,69,31
47,78,31
63,86,31
57,13,31
92,51,31
4,13,31
8,59,31
78,60,31
1,91,31
51,17,31
83,49,31
8,82,31
73,74,31
26,88,31
17,12,31
0,45,31
32,13,31
50,56,31
1,92,31
92,68,31
38,12,31
40,29,31
40,71,31
60,14,31
57,34,31
90,24,31
97,13,31
50,35,31
40,10,31
66,27,31
93,55,31
41,22,31
42,30,31
5,24,31
84,25,31
45,4,31
63,27,31
1,44,31
42,77,31
60,55,31
97,62,31
78,93,31
0,52,31
96,69,31
21,78,31
56,32,31
57,99,31
1,67,31
61,45,30
43,48,30
89,94,30
45,31,30
79,66,30
96,58,30
57,30,30
57,76,30
44,99,30
67,12,30
63,87,30
56,2,30
79,13,30
90,75,30
24,66,30
37,4,30
72,23,30
81,47,30
8,56,30
80,13,30
67,8,30
96,65,30
5,70,30
20,59,30
71,6,30
7,51,30
31,25,30
53,50,30
85,60,30
72,77,30
30,19,30
1,9,30
7,29,30
74,72,30
60,63,30
75,71,30
8,33,30
16,47,30
89,1,30
5,68,30
81,53,30
8,96,30
87,17,30
38,42,30
24,74,30
72,16,30
61,23,30
6,63,30
92,23,30
22,72,30
2,13,30
85,62,30
79,98,30
92,24,30
11,84,30
13,66,30
9,37,30
67,61,30
89,97,30
22,31,30
58,67,30
35,59,30
39,86,30
70,34,30
57,11,30
51,8,30
5,49,30
15,89,30
74,50,30
51,55,30
50,10,30
24,17,30
58,96,30
73,21,30
32,83,30
85,61,30
83,87,30
92,29,30
62,95,30
53,96,30
25,28,30
64,53,29
22,74,29
26,93,29
43,73,29
60,5,29
27,48,29
28,41,29
35,33,29
22,60,29
90,76,29
55,40,29
5,80,29
29,41,29
55,14,29
64,29,29
82,28,29
96,53,29
1,32,29
48,62,29
90,48,29
2,14,29
57,3,29
84,40,29
34,60,29
2,15,29
64,37,29
98,40,29
47,50,29
82,30,29
54,72,29
26,59,29
43,44,29
97,90,29
64,63,29
13,50,29
26,72,29
36,4,29
96,73,29
28,39,29
39,18,29
25,73,29
24,95,29
49,19,29
86,60,29
10,76,29
44,56,29
29,91,29
28,50,29
2,49,29
87,77,29
40,43,29
61,67,29
26,4,29
72,91,29
76,40,29
56,94,29
84,0,29
80,73,29
1,82,29
77,8,29
47,45,29
4,0,29
25,87,29
79,8,29
41,75,29
13,65,29
17,15,29
48,24,29
25,17,29
46,75,29
91,10,29
70,73,29
65,66,29
35,80,29
52,21,29
86,62,29
49,84,29
72,45,29
16,67,29
55,64,29
18,49,29
4,83,29
58,70,29
13,93,29
18,8,29
70,1,29
10,65,29
89,60,29
34,26,29
51,71,29
74,45,29
42,74,29
33,19,29
93,54,29
23,75,29
0,4,29
62,11,29
95,31,29
2,28,29
11,27,29
45,41,29
2,25,29
54,58,29
49,25,29
18,74,29
28,31,29
16,65,29
0,50,29
70,40,29
48,31,29
27,46,29
0,78,29
56,15,29
25,10,29
55,50,29
58,85,29
41,77,29
18,57,29
9,9,29
4,22,29
24,30,29
71,90,28
61,98,28
20,81,28
80,43,28
1,88,28
41,1,28
32,9,28
35,4,28
74,66,28
77,89,28
39,60,28
7,42,28
32,75,28
14,84,28
52,22,28
53,43,28
39,48,28
25,38,28
67,91,28
58,38,28
82,51,28
73,98,28
23,18,28
27,85,28
80,85,28
93,20,28
81,1,28
16,60,28
12,70,28
42,53,28
10,62,28
5,0,28
78,72,28
7,57,28
28,2,28
64,92,28
63,50,28
47,40,28
77,57,28
23,2,28
60,98,28
33,13,28
96,32,28
60,87,28
21,0,28
92,72,28
57,26,28
55,89,28
12,87,28
38,76,28
60,93,28
46,37,28
32,0,28
56,91,28
7,53,28
6,32,28
64,78,28
34,47,28
65,70,28
81,29,28
58,41,28
52,33,28
23,63,28
10,59,28
11,56,28
5,81,28
59,22,28
58,16,28
9,33,28
44,21,28
38,29,28
21,67,28
16,48,28
72,46,28
23,76,28
37,76,28
51,53,28
59,18,28
5,69,28
14,1,28
20,77,28
73,5,28
40,73,28
20,56,28
84,69,28
97,81,28
26,70,28
61,11,28
82,26,28
2,92,28
79,41,28
27,37,28
15,67,28
71,71,28
54,0,28
57,7,28
21,36,28
16,62,28
30,32,28
28,26,28
20,12,28
69,20,28
15,24,28
95,97,28
44,40,28
70,11,28
43,9,28
31,56,28
74,53,28
16,32,28
16,77,28
42,36,28
6,46,28
61,95,28
38,79,28
97,15,28
36,78,28
74,90,28
74,81,28
48,40,28
8,23,28
41,49,28
86,1,28
4,7,28
66,18,28
86,51,28
90,9,28
94,94,28
82,47,28
17,22,28
0,1,28
50,81,28
78,19,28
10,18,28
52,32,28
75,75,28
18,31,28
55,61,28
30,80,28
77,69,28
1,89,28
61,19,28
69,32,28
42,63,28
28,20,28
86,87,28
94,79,28
63,47,28
56,31,28
5,34,28
11,43,28
42,71,28
13,20,28
37,36,28
83,44,28
72,88,28
23,24,28
48,45,28
90,16,28
64,50,28
19,87,28
58,52,28
18,38,28
59,65,28
67,9,28
98,54,28
6,81,28
19,52,28
23,28,28
46,88,27
0,48,27
69,95,27
7,26,27
79,42,27
76,69,27
76,7,27
12,1,27
21,7,27
1,79,27
19,8,27
45,40,27
55,85,27
59,76,27
92,31,27
77,52,27
2,42,27
48,29,27
52,17,27
4,33,27
83,52,27
33,86,27
27,42,27
3,86,27
66,46,27
81,22,27
48,1,27
73,42,27
39,36,27
66,34,27
8,52,27
9,5,27
6,51,27
77,66,27
14,27,27
25,90,27
19,40,27
89,92,27
29,48,27
16,14,27
59,80,27
13,23,27
61,13,27
0,3,27
69,96,27
99,22,27
25,32,27
33,14,27
11,23,27
96,21,27
9,7,27
97,25,27
3,7,27
23,9,27
60,16,27
68,23,27
33,81,27
25,65,27
13,41,27
70,30,27
66,74,27
14,66,27
12,38,27
69,57,27
49,69,27
90,81,27
56,53,27
68,35,27
17,77,27
15,5,27
70,80,27
18,81,27
61,21,27
33,37,27
29,53,27
48,77,27
83,94,27
93,40,27
35,49,27
6,99,27
46,80,27
89,77,27
64,31,27
12,82,27
93,13,27
38,13,27
36,93,27
65,68,27
60,61,27
55,65,27
88,69,27
33,99,27
16,37,27
70,8,27
36,8,27
54,20,27
76,27,27
10,63,27
39,1,27
45,46,27
3,90,27
5,46,27
23,11,27
19,46,27
44,45,27
15,44,27
29,72,27
65,78,27
28,62,27
13,88,27
3,21,27
99,58,27
16,55,27
60,94,27
58,37,27
32,20,27
23,45,27
9,14,27
96,92,27
12,72,27
88,36,27
96,72,27
77,0,27
91,32,27
35,28,27
66,23,27
46,30,27
3,19,27
36,65,27
10,88,27
85,82,27
74,44,27
51,10,27
65,41,27
25,47,27
83,35,27
12,59,27
66,26,27
88,98,27
13,31,27
85,98,27
12,33,27
45,24,27
67,72,27
44,5,27
6,82,27
49,63,27
64,24,27
28,32,27
12,63,27
77,76,27
76,80,27
77,10,27
39,75,27
40,46,27
17,81,27
99,14,27
32,57,27
72,82,27
13,27,27
52,10,27
66,65,27
82,37,27
4,2,27
19,65,27
45,44,27
50,27,27
52,73,27
41,52,27
23,43,27
40,15,27
81,43,27
72,22,27
80,60,27
49,34,27
89,25,27
31,99,27
1,5,27
48,72,27
70,10,27
16,1,27
38,62,27
20,50,27
75,23,27
43,15,27
98,18,27
12,76,27
4,90,27
66,87,27
47,41,27
98,64,27
93,23,27
31,28,27
17,75,27
75,97,27
85,42,27
59,4,27
41,30,27
53,54,27
76,21,27
98,8,27
62,31,27
9,53,27
20,52,27
36,83,27
89,87,27
56,74,27
24,16,27
37,7,27
46,89,27
95,0,27
29,9,27
33,87,27
27,78,27
81,51,27
48,28,27
93,30,27
93,92,27
89,64,27
38,61,27
85,49,27
23,39,27
0,24,27
49,67,27
59,64,27
86,65,27
2,57,27
89,29,27
59,47,27
4,14,27
11,89,27
72,92,27
0,36,27
8,28,27
44,34,27
48,56,27
24,98,27
73,13,27
26,85,27
34,18,27
32,18,27
50,98,27
88,46,27
87,96,27
79,49,27
93,61,27
64,74,27
34,49,27
80,0,27
50,29,27
42,57,27
53,36,27
28,38,26
18,51,26
67,15,26
88,59,26
0,25,26
9,92,26
56,61,26
27,86,26
4,69,26
32,3,26
62,24,26
52,7,26
4,45,26
28,33,26
11,5,26
33,71,26
1,90,26
18,30,26
89,55,26
80,64,26
76,59,26
46,91,26
84,22,26
50,22,26
93,79,26
41,45,26
95,8,26
76,14,26
96,54,26
98,61,26
44,68,26
19,9,26
45,29,26
81,93,26
28,13,26
79,61,26
82,67,26
96,61,26
70,39,26
30,36,26
1,59,26
82,66,26
38,34,26
62,58,26
46,84,26
1,29,26
79,56,26
19,97,26
81,26,26
8,15,26
43,89,26
7,30,26
83,23,26
74,86,26
85,20,26
65,60,26
21,95,26
31,71,26
16,12,26
66,53,26
37,46,26
1,14,26
20,96,26
39,32,26
86,59,26
10,2,26
50,30,26
1,51,26
71,57,26
37,10,26
18,16,26
60,99,26
71,30,26
99,34,26
26,22,26
3,76,26
9,78,26
85,1,26
94,66,26
53,65,26
93,47,26
4,87,26
26,53,26
60,3,26
2,58,26
0,2,26
63,28,26
63,44,26
86,66,26
60,15,26
44,16,26
95,46,26
35,85,26
16,86,26
91,7,26
18,56,26
18,13,26
62,29,26
94,33,26
77,26,26
79,24,26
56,12,26
67,44,26
28,55,26
91,3,26
87,29,26
71,53,26
70,48,26
64,96,26
4,30,26
51,63,26
8,47,26
71,10,26
48,21,26
32,31,26
83,85,26
17,37,26
80,17,26
92,75,26
86,45,26
69,18,26
85,38,26
44,88,26
63,8,26
64,2,26
0,10,26
57,74,26
97,5,26
62,97,26
75,39,26
85,69,26
15,35,26
3,40,26
44,13,26
57,18,26
92,80,26
72,70,26
99,88,26
11,60,26
63,31,26
17,23,26
14,52,26
60,27,26
20,89,26
14,78,26
82,24,26
77,13,26
57,95,26
56,41,26
34,66,26
99,33,26
81,37,26
32,24,26
45,15,26
10,72,26
65,50,26
49,78,26
30,37,26
6,28,26
64,69,26
40,42,26
42,83,26
85,72,26
49,56,26
94,37,26
13,43,26
25,49,26
18,46,26
72,10,26
46,16,26
45,86,26
48,18,26
33,56,26
37,84,26
39,53,26
27,3,26
36,0,26
3,3,26
0,11,26
69,3,26
39,54,26
87,7,26
76,49,26
23,7,26
44,26,26
19,5,26
18,98,26
52,97,26
6,61,26
22,89,26
2,73,26
24,92,26
39,83,26
30,15,26
62,38,26
37,37,26
94,24,26
22,23,26
64,16,26
47,43,26
51,21,26
8,87,26
70,75,26
66,72,26
65,62,26
38,40,26
71,81,26
40,59,26
16,27,26
73,66,26
24,26,26
77,68,26
41,65,26
14,70,26
26,56,26
20,49,26
76,24,26
79,87,26
69,12,26
28,48,26
5,52,26
35,18,26
6,0,26
29,10,26
81,7,26
50,49,26
19,47,26
65,4,26
61,92,26
57,47,26
77,53,26
86,28,26
31,13,26
24,20,26
14,55,26
46,50,26
49,6,26
82,76,26
12,18,26
2,44,26
19,2,26
15,46,26
35,62,26
17,5,26
86,29,26
53,39,26
83,5,26
49,93,26
45,8,26
47,15,26
4,42,26
83,96,26
5,7,26
48,80,26
38,99,26
52,67,26
20,61,26
75,98,26
9,80,26
25,31,26
9,49,26
69,41,26
26,98,26
79,53,26
2,98,26
20,82,26
30,18,26
54,13,26
11,3,26
83,11,26
35,75,26
78,68,26
3,89,26
59,49,26
57,61,26
4,41,26
16,25,26
72,54,26
36,9,26
21,46,26
0,5,26
12,2,26
53,86,26
45,12,26
86,33,26
0,43,26
3,35,26
75,93,26
41,48,26
68,22,26
96,63,26
23,90,26
36,2,26
88,29,26
38,23,26
15,40,26
47,23,26
44,32,26
62,26,26
34,46,26
99,43,26
5,38,26
62,43,26
20,35,26
31,66,26
45,37,26
59,33,26
27,80,26
72,28,26
48,98,26
13,36,26
69,99,26
84,81,26
75,41,26
48,73,26
4,81,26
37,11,26
10,53,26
75,74,26
96,47,26
36,47,26
80,28,26
92,73,26
13,30,26
42,43,26
64,39,26
65,28,26
68,62,26
2,67,26
49,79,26
79,74,26
70,0,26
26,86,26
61,8,26
94,52,26
40,41,26
75,33,26
3,73,26
7,52,26
66,85,26
6,71,26
54,24,26
80,11,25
38,17,25
2,93,25
60,26,25
36,99,25
89,14,25
38,66,25
59,20,25
39,30,25
91,66,25
60,36,25
55,58,25
49,77,25
56,20,25
90,29,25
47,75,25
27,57,25
67,33,25
15,63,25
58,40,25
47,29,25
46,14,25
50,71,25
72,50,25
80,34,25
8,22,25
69,24,25
85,95,25
79,26,25
91,79,25
57,93,25
47,73,25
1,13,25
35,99,25
70,85,25
49,13,25
21,90,25
81,70,25
81,2,25
32,71,25
39,46,25
42,39,25
82,54,25
51,88,25
31,10,25
37,20,25
40,81,25
42,99,25
74,35,25
40,44,25
55,24,25
70,49,25
61,62,25
95,89,25
73,4,25
6,58,25
86,57,25
84,82,25
91,91,25
17,32,25
5,45,25
42,88,25
78,56,25
59,54,25
20,42,25
27,61,25
17,47,25
68,39,25
23,26,25
26,57,25
9,12,25
45,70,25
66,41,25
50,75,25
56,90,25
29,93,25
82,56,25
53,91,25
85,14,25
16,63,25
94,53,25
98,76,25
89,49,25
1,58,25
70,66,25
32,69,25
77,28,25
20,41,25
78,83,25
34,37,25
82,73,25
69,8,25
31,5,25
25,51,25
43,19,25
81,24,25
87,94,25
6,17,25
28,77,25
48,3,25
20,66,25
96,45,25
65,59,25
50,36,25
24,91,25
95,63,25
80,93,25
71,99,25
57,60,25
29,79,25
55,29,25
98,25,25
17,65,25
29,1,25
23,57,25
42,48,25
7,28,25
73,68,25
14,47,25
2,79,25
62,46,25
48,15,25
47,36,25
86,72,25
67,55,25
4,1,25
48,19,25
93,5,25
71,2,25
76,28,25
3,72,25
74,38,25
99,93,25
66,90,25
67,40,25
54,47,25
30,87,25
9,26,25
5,47,25
3,28,25
68,61,25
60,18,25
37,16,25
12,36,25
90,43,25
78,47,25
24,87,25
71,34,25
14,86,25
15,70,25
82,17,25
52,39,25
61,14,25
66,12,25
90,30,25
56,28,25
16,91,25
1,26,25
6,33,25
83,43,25
33,43,25
54,90,25
89,67,25
22,42,25
71,16,25
11,61,25
69,80,25
3,9,25
75,73,25
17,18,25
55,80,25
29,71,25
93,41,25
83,12,25
46,24,25
31,58,25
49,1,25
22,20,25
24,53,25
62,75,25
20,45,25
92,7,25
61,75,25
89,88,25
76,66,25
56,5,25
54,79,25
47,46,25
2,77,25
14,3,25
38,35,25
86,38,25
12,84,25
81,74,25
70,43,25
36,59,25
96,20,25
76,3,25
77,84,25
45,42,25
7,47,25
78,88,25
40,26,25
28,56,25
21,37,25
56,59,25
44,79,25
27,39,25
69,11,25
40,38,25
49,92,25
13,96,25
44,41,25
79,10,25
49,73,25
26,71,25
5,42,25
42,3,25
86,96,25
86,0,25
45,85,25
7,86,25
20,26,25
72,62,25
50,28,25
72,2,25
30,10,25
18,28,25
10,90,25
4,62,25
10,81,25
21,39,25
57,28,25
15,83,25
19,78,25
45,57,25
31,3,25
5,72,25
99,77,25
36,26,25
86,43,25
29,46,25
40,5,25
46,40,25
4,48,25
56,68,25
83,21,25
27,44,25
72,79,25
86,56,25
47,65,25
74,24,25
46,72,25
68,44,25
61,57,25
17,59,25
93,69,25
23,30,25
7,45,25
92,92,25
93,64,25
98,6,25
9,88,25
84,20,25
61,37,25
79,6,25
10,83,25
19,48,25
26,78,25
63,64,25
13,11,25
94,64,25
11,26,25
67,88,25
30,86,25
35,15,25
6,7,25
49,40,25
18,33,25
19,35,25
25,69,25
50,13,25
90,17,25
4,38,25
72,90,25
99,0,25
75,4,25
36,67,25
84,53,25
98,90,25
39,19,25
17,74,25
56,0,25
8,95,25
2,68,25
67,39,25
74,8,25
58,28,25
87,19,25
60,62,25
44,85,25
35,2,25
33,94,25
35,81,25
1,23,25
90,68,25
8,27,25
51,42,25
57,9,25
66,64,25
58,24,25
12,65,25
88,52,25
5,22,25
23,84,25
84,3,25
95,32,25
19,89,25
65,22,25
95,80,25
50,76,25
25,93,25
2,99,25
72,31,25
87,63,25
16,99,25
54,2,25
47,82,25
2,1,25
71,3,25
58,84,25
20,13,25
13,89,25
74,25,25
37,81,25
25,30,25
36,58,25
36,84,25
10,6,25
12,91,25
20,10,25
65,42,25
73,55,25
62,27,25
2,50,25
2,63,25
99,67,25
34,74,25
54,52,25
79,67,25
27,76,25
39,96,25
71,62,25
0,81,25
40,27,25
38,52,25
26,76,25
3,5,25
62,2,25
95,13,25
13,73,25
13,32,25
93,85,25
12,73,25
11,29,25
92,89,25
78,90,25
63,6,25
24,1,25
84,72,25
79,92,25
9,84,25
61,90,25
12,68,25
5,79,25
8,79,25
59,94,25
9,45,25
49,28,25
79,89,25
57,79,25
3,84,25
85,85,25
67,24,25
98,44,25
96,82,25
2,18,25
81,44,25
91,92,25
7,31,25
76,35,25
14,68,25
42,6,25
43,33,25
3,47,25
85,43,25
49,27,25
10,78,25
36,63,25
36,75,25
20,51,25
93,94,25
42,42,25
55,69,25
50,78,25
22,70,25
49,71,25
86,58,25
97,88,25
75,19,25
67,46,25
72,21,25
97,11,25
43,85,25
29,98,25
28,97,25
26,44,25
64,13,25
35,29,25
98,31,25
85,2,25
83,71,25
79,95,25
54,33,25
60,60,25
46,68,25
49,68,25
12,80,25
74,61,25
83,0,25
92,97,25
8,16,25
41,9,25
24,23,25
60,12,25
34,68,25
27,67,25
80,3,25
4,20,25
53,27,25
81,15,25
83,70,25
70,69,25
60,68,25
5,55,24
81,59,24
13,17,24
41,11,24
32,89,24
76,41,24
30,82,24
21,42,24
38,36,24
24,77,24
92,77,24
22,68,24
10,61,24
53,79,24
2,80,24
73,20,24
54,74,24
74,59,24
23,77,24
92,81,24
77,37,24
95,14,24
91,13,24
67,62,24
37,83,24
10,17,24
62,66,24
70,78,24
95,93,24
48,64,24
61,87,24
42,64,24
47,79,24
8,66,24
23,53,24
16,50,24
74,2,24
16,94,24
51,98,24
76,81,24
98,47,24
56,63,24
11,69,24
62,56,24
90,69,24
93,29,24
7,0,24
47,7,24
76,23,24
7,11,24
37,45,24
66,76,24
35,86,24
64,21,24
36,54,24
85,55,24
42,50,24
91,90,24
62,35,24
43,25,24
72,51,24
7,58,24
45,43,24
35,26,24
53,32,24
87,56,24
70,94,24
34,3,24
55,73,24
31,22,24
53,71,24
32,97,24
54,84,24
30,56,24
63,58,24
78,7,24
66,8,24
37,95,24
50,85,24
38,39,24
97,83,24
89,11,24
1,16,24
50,54,24
17,68,24
97,2,24
80,99,24
46,61,24
79,69,24
27,49,24
52,94,24
21,29,24
23,36,24
60,69,24
65,88,24
79,59,24
86,35,24
75,72,24
3,78,24
99,86,24
47,72,24
64,30,24
4,37,24
98,98,24
50,53,24
24,52,24
87,74,24
5,23,24
7,9,24
74,32,24
21,91,24
92,55,24
26,21,24
48,41,24
43,52,24
94,83,24
24,40,24
66,99,24
9,3,24
42,87,24
85,51,24
87,87,24
25,70,24
59,99,24
9,59,24
24,97,24
88,82,24
46,22,24
62,13,24
87,38,24
1,80,24
21,20,24
41,80,24
57,56,24
41,71,24
93,87,24
77,48,24
80,40,24
65,93,24
69,86,24
18,55,24
34,56,24
88,25,24
27,2,24
35,40,24
54,86,24
39,65,24
22,6,24
25,46,24
40,12,24
20,53,24
22,57,24
8,25,24
17,17,24
95,44,24
46,29,24
5,19,24
25,54,24
30,21,24
92,61,24
11,50,24
25,63,24
99,32,24
23,52,24
7,87,24
21,41,24
57,4,24
95,1,24
47,11,24
47,31,24
98,42,24
36,5,24
10,91,24
19,70,24
52,66,24
60,34,24
0,20,24
13,99,24
83,64,24
65,97,24
67,76,24
54,69,24
83,62,24
72,86,24
77,45,24
47,51,24
49,9,24
62,77,24
63,96,24
32,88,24
66,56,24
36,21,24
73,92,24
90,20,24
68,20,24
21,48,24
53,80,24
59,7,24
37,67,24
7,67,24
62,99,24
31,74,24
93,71,24
59,15,24
69,23,24
11,6,24
57,42,24
62,39,24
71,41,24
92,79,24
20,31,24
23,22,24
93,97,24
59,96,24
98,24,24
13,72,24
3,26,24
32,74,24
73,77,24
55,20,24
98,97,24
73,63,24
82,94,24
98,22,24
83,3,24
97,48,24
79,25,24
93,81,24
88,6,24
54,28,24
90,3,24
14,89,24
13,2,24
12,99,24
24,96,24
78,96,24
86,23,24
61,24,24
10,93,24
37,61,24
90,57,24
6,52,24
49,37,24
53,4,24
34,50,24
41,34,24
10,12,24
99,23,24
26,0,24
6,10,24
51,56,24
31,0,24
56,13,24
46,21,24
38,90,24
14,96,24
34,9,24
68,40,24
76,6,24
15,72,24
97,58,24
22,90,24
68,33,24
48,39,24
84,19,24
72,64,24
10,11,24
78,13,24
95,10,24
79,84,24
23,98,24
27,66,24
94,12,24
28,22,24
6,37,24
7,46,24
31,14,24
1,31,24
10,70,24
16,16,24
23,59,24
82,65,24
64,6,24
62,19,24
45,10,24
72,26,24
47,94,24
89,53,24
49,5,24
87,54,24
61,26,24
67,83,24
26,97,24
21,79,24
68,42,24
43,36,24
13,79,24
86,94,24
80,79,24
53,42,24
53,30,24
85,96,24
55,12,24
59,38,24
11,47,24
21,51,24
27,12,24
87,80,24
45,23,24
3,91,24
96,22,24
74,36,24
52,68,24
37,94,24
43,28,24
38,94,24
70,87,24
67,37,24
53,33,24
15,85,24
98,63,24
16,54,24
7,14,24
91,18,24
54,68,24
73,93,24
98,66,24
34,80,24
42,37,24
93,16,24
77,98,24
1,95,24
14,77,24
62,69,24
60,59,24
2,70,24
73,31,24
40,55,24
12,7,24
8,67,24
1,69,24
31,75,24
30,4,24
33,93,24
97,44,24
3,1,24
84,70,24
84,8,24
26,61,24
37,56,24
2,97,24
27,47,24
18,75,24
41,97,24
22,65,24
97,73,24
72,6,24
95,75,24
74,97,24
56,55,24
45,76,24
92,93,24
9,51,24
62,30,24
77,82,24
92,15,24
41,69,24
57,31,24
74,65,24
22,8,24
93,91,24
36,20,24
2,21,24
69,2,24
3,66,24
10,64,24
83,55,24
89,7,24
92,64,24
71,32,24
64,68,24
26,40,24
54,81,24
21,76,24
28,5,24
87,79,24
38,91,24
18,23,24
40,92,24
18,65,24
82,49,24
25,22,24
35,71,24
98,89,24
76,10,24
68,7,24
65,36,24
73,34,24
84,9,24
82,60,24
37,38,24
55,5,24
36,41,24
12,57,24
23,56,24
96,38,24
26,7,24
87,70,24
36,53,24
18,91,24
5,5,24
62,70,24
28,17,24
33,79,24
84,99,24
23,87,24
94,88,24
41,56,24
87,76,24
71,74,24
15,51,24
18,34,24
8,21,24
66,77,24
96,46,24
72,37,24
35,6,24
24,4,24
3,83,24
63,39,24
70,79,24
66,42,24
57,85,24
9,15,24
67,95,24
54,25,24
96,96,24
82,23,24
41,41,24
72,71,24
59,98,24
77,62,24
62,16,24
42,27,24
78,84,24
43,20,24
95,17,24
56,25,24
75,11,24
46,85,24
92,36,24
58,20,24
39,63,24
12,47,24
96,95,24
41,96,24
31,39,24
95,4,24
34,77,24
43,58,24
6,12,24
29,80,24
28,59,24
40,84,24
15,26,24
42,58,24
99,51,24
33,21,24
13,77,24
51,44,24
45,49,24
98,26,24
75,17,24
82,22,24
53,77,24
77,27,24
22,37,24
83,54,24
20,28,24
1,11,24
52,29,24
74,42,24
90,27,24
69,7,24
99,24,24
6,21,24
32,60,24
96,50,24
53,67,24
91,38,24
61,0,24
47,21,24
96,90,24
37,51,24
88,58,24
56,35,24
29,35,24
32,25,24
96,99,24
84,42,24
3,34,24
22,87,24
57,22,24
12,45,24
81,16,24
56,89,24
94,80,24
56,78,24
63,85,24
17,30,24
47,4,24
84,36,24
25,56,24
74,31,24
51,68,24
37,8,24
14,38,24
12,26,24
1,4,24
95,12,24
67,85,24
10,69,24
37,70,24
97,85,24
69,81,24
18,27,24
93,18,24
5,75,24
44,23,24
25,48,24
48,37,24
46,7,24
79,14,24
74,13,24
17,96,24
89,65,24
22,21,24
86,2,24
85,27,23
37,99,23
80,45,23
61,12,23
85,94,23
6,23,23
44,24,23
67,94,23
54,67,23
52,3,23
2,33,23
62,15,23
99,40,23
10,1,23
4,98,23
27,7,23
6,67,23
47,99,23
89,9,23
13,13,23
84,13,23
10,3,23
86,84,23
74,11,23
4,35,23
0,17,23
81,88,23
60,95,23
47,33,23
69,49,23
57,6,23
16,85,23
15,74,23
57,48,23
28,90,23
29,69,23
13,0,23
7,13,23
50,48,23
15,41,23
44,39,23
78,31,23
29,77,23
22,66,23
9,67,23
92,87,23
4,9,23
93,66,23
94,73,23
74,74,23
27,22,23
33,22,23
86,17,23
56,27,23
87,8,23
33,24,23
49,17,23
8,31,23
56,21,23
37,96,23
74,60,23
19,31,23
15,93,23
71,8,23
71,47,23
7,59,23
92,95,23
92,56,23
27,94,23
64,51,23
40,76,23
85,91,23
37,0,23
88,3,23
99,70,23
73,61,23
12,43,23
57,87,23
24,47,23
94,81,23
82,95,23
10,20,23
83,92,23
82,33,23
18,93,23
81,28,23
48,97,23
56,80,23
21,21,23
12,8,23
54,71,23
43,16,23
73,87,23
75,82,23
44,10,23
14,45,23
32,98,23
90,1,23
68,95,23
68,19,23
34,36,23
21,89,23
87,49,23
68,75,23
98,93,23
66,24,23
11,12,23
86,69,23
94,6,23
26,11,23
65,44,23
78,99,23
36,56,23
49,55,23
28,67,23
9,39,23
1,70,23
36,27,23
17,0,23
38,3,23
81,90,23
13,28,23
88,10,23
37,1,23
75,51,23
75,29,23
9,8,23
75,31,23
6,76,23
53,69,23
89,42,23
83,50,23
41,0,23
6,38,23
90,99,23
62,41,23
85,86,23
90,63,23
60,53,23
42,24,23
90,74,23
59,84,23
62,20,23
7,61,23
97,38,23
96,2,23
4,89,23
7,50,23
85,25,23
99,21,23
83,8,23
11,52,23
72,96,23
79,54,23
73,25,23
88,49,23
7,81,23
15,78,23
4,64,23
18,68,23
49,39,23
84,12,23
76,71,23
40,33,23
98,1,23
43,99,23
60,47,23
14,21,23
51,90,23
22,5,23
32,53,23
71,39,23
75,38,23
28,65,23
38,31,23
60,38,23
90,46,23
59,85,23
0,49,23
87,71,23
34,64,23
15,22,23
4,54,23
68,47,23
31,82,23
70,15,23
83,27,23
54,23,23
80,88,23
14,24,23
43,90,23
36,52,23
65,45,23
49,59,23
31,97,23
62,47,23
55,79,23
67,84,23
17,66,23
91,0,23
48,4,23
99,46,23
23,94,23
12,92,23
58,21,23
67,67,23
22,54,23
46,78,23
21,17,23
2,71,23
76,95,23
56,14,23
53,48,23
52,71,23
38,60,23
31,44,23
13,61,23
18,66,23
34,38,23
3,59,23
29,97,23
38,93,23
53,3,23
35,27,23
85,57,23
71,12,23
95,56,23
56,86,23
9,32,23
30,33,23
13,63,23
6,44,23
44,82,23
38,64,23
92,94,23
48,35,23
68,84,23
88,99,23
72,18,23
90,22,23
91,5,23
46,59,23
93,83,23
66,50,23
64,33,23
28,75,23
30,1,23
81,25,23
16,81,23
8,8,23
33,64,23
66,25,23
60,20,23
29,4,23
54,55,23
66,96,23
43,59,23
70,44,23
86,14,23
27,16,23
12,56,23
6,94,23
76,36,23
96,7,23
1,42,23
42,79,23
22,67,23
22,19,23
3,92,23
58,82,23
36,91,23
46,38,23
26,29,23
96,39,23
4,55,23
71,89,23
5,89,23
98,55,23
66,98,23
19,28,23
31,26,23
92,43,23
4,26,23
28,66,23
33,44,23
58,59,23
64,99,23
8,6,23
98,86,23
79,37,23
30,24,23
6,48,23
36,51,23
58,23,23
29,3,23
8,45,23
16,93,23
50,41,23
20,70,23
9,81,23
81,45,23
42,5,23
38,30,23
53,22,23
96,35,23
98,16,23
69,52,23
14,46,23
60,28,23
87,97,23
52,56,23
85,68,23
38,0,23
92,27,23
15,9,23
5,93,23
18,36,23
87,0,23
40,52,23
86,36,23
46,34,23
79,51,23
4,28,23
40,6,23
5,18,23
16,71,23
29,84,23
20,1,23
54,65,23
26,17,23
24,19,23
70,54,23
10,38,23
34,43,23
62,74,23
31,81,23
35,14,23
68,68,23
71,66,23
51,35,23
40,95,23
43,76,23
99,13,23
42,0,23
58,30,23
78,35,23
89,52,23
27,70,23
60,48,23
92,18,23
77,92,23
72,66,23
74,46,23
94,54,23
14,88,23
42,38,23
18,19,23
78,27,23
40,51,23
60,79,23
99,82,23
62,64,23
24,82,23
69,10,23
0,91,23
0,61,23
41,84,23
54,98,23
91,58,23
6,78,23
85,53,23
89,83,23
98,12,23
54,70,23
80,35,23
90,55,23
82,85,23
5,91,23
19,45,23
73,58,23
82,9,23
67,63,23
44,67,23
10,56,23
20,29,23
77,71,23
60,30,23
96,17,23
54,8,23
0,86,23
20,80,23
27,18,23
82,77,23
55,19,23
35,60,23
85,13,23
59,70,23
95,68,23
53,41,23
46,74,23
99,37,23
63,67,23
18,71,23
43,51,23
11,38,23
10,67,23
1,65,23
28,84,23
96,77,23
49,70,23
52,79,23
56,6,23
30,60,23
79,9,23
13,14,23
35,82,23
10,43,23
75,42,23
42,17,23
13,5,23
97,67,23
76,46,23
84,98,23
61,1,23
39,2,23
58,51,23
10,85,23
1,74,23
33,49,23
8,30,23
35,13,23
90,67,23
2,74,23
57,15,23
60,44,23
94,74,23
86,63,23
7,62,23
16,76,23
3,17,23
56,70,23
64,48,23
58,7,23
17,97,23
21,85,23
6,53,23
84,6,23
98,17,23
78,91,23
99,29,23
1,78,23
25,34,23
86,97,23
70,24,23
59,42,23
49,54,23
43,37,23
8,50,23
90,11,23
5,41,23
33,0,23
87,75,23
88,16,23
91,97,23
64,97,23
58,55,23
76,65,23
72,25,23
40,37,23
77,67,23
17,3,23
57,64,23
64,34,23
77,21,23
9,23,23
31,49,23
88,48,23
85,34,23
85,19,23
95,95,23
1,1,23
80,37,23
18,48,23
75,32,23
71,54,23
45,22,23
1,47,23
99,65,23
42,31,23
83,28,23
70,65,23
61,89,23
61,28,23
80,91,23
36,10,23
36,45,23
51,93,23
93,60,23
76,98,23
51,77,23
51,59,23
66,97,23
53,95,23
97,95,23
0,16,23
3,77,23
98,34,23
67,27,23
40,47,23
38,44,23
70,52,23
82,48,23
97,51,23
88,71,23
16,36,23
38,55,23
18,7,23
26,81,23
21,83,23
69,25,23
77,34,23
3,81,23
33,36,23
10,44,23
78,63,23
83,68,23
6,69,23
54,43,23
64,4,23
46,64,23
35,79,23
81,91,23
42,65,23
58,46,23
25,42,23
4,82,23
23,0,23
71,79,23
57,80,23
38,38,23
0,89,23
87,42,23
45,7,23
92,4,23
14,31,23
53,83,23
64,72,23
81,76,23
1,61,23
70,62,23
58,11,23
79,55,23
98,58,23
82,75,23
56,83,23
37,62,23
42,82,23
20,64,23
52,88,23
3,54,23
6,56,23
27,72,23
63,3,23
13,6,23
25,81,23
40,39,23
84,73,23
45,27,23
34,35,23
66,44,23
20,23,23
1,72,23
63,70,23
19,29,23
88,14,23
5,1,23
9,77,23
7,27,23
85,97,23
63,82,23
51,28,23
78,24,23
81,62,23
87,40,23
30,6,23
69,62,23
88,4,23
71,18,23
16,23,23
26,94,23
16,31,23
43,45,23
74,78,23
13,33,23
47,87,23
30,93,23
90,38,23
90,28,23
36,71,23
61,40,23
29,15,23
36,6,23
10,94,23
69,26,23
94,51,23
5,6,23
67,69,23
12,90,23
40,49,23
96,1,23
66,93,23
75,2,23
40,86,23
6,3,23
46,81,23
12,94,23
64,19,23
44,78,23
84,65,23
76,30,23
14,59,23
95,2,23
15,62,23
38,70,23
51,69,23
97,33,23
62,6,23
38,71,23
91,9,23
77,6,23
1,30,23
63,21,23
82,16,23
94,45,23
23,97,23
74,67,23
90,56,23
8,7,23
2,9,23
78,94,23
12,86,23
85,64,23
25,75,23
4,72,23
71,35,23
52,45,23
30,92,23
28,83,23
22,3,23
30,41,23
52,11,23
32,41,23
49,44,23
21,82,23
77,30,23
62,51,22
71,48,22
65,13,22
17,80,22
64,27,22
81,97,22
18,37,22
12,12,22
51,41,22
54,15,22
4,18,22
68,69,22
16,78,22
57,57,22
48,83,22
93,37,22
78,0,22
20,83,22
25,4,22
87,23,22
53,14,22
58,79,22
74,20,22
24,78,22
60,40,22
34,79,22
55,49,22
71,73,22
9,25,22
21,35,22
77,36,22
79,33,22
12,40,22
73,52,22
50,61,22
51,4,22
70,82,22
94,5,22
68,98,22
87,99,22
6,5,22
79,28,22
45,52,22
32,43,22
50,87,22
84,68,22
12,27,22
61,50,22
71,87,22
35,42,22
23,40,22
41,16,22
88,24,22
49,8,22
46,26,22
44,62,22
45,9,22
86,71,22
39,92,22
5,17,22
88,0,22
22,4,22
18,89,22
53,87,22
39,40,22
33,48,22
29,58,22
69,65,22
28,19,22
17,35,22
20,3,22
9,19,22
77,43,22
93,42,22
40,56,22
46,25,22
42,10,22
73,39,22
53,88,22
32,15,22
41,61,22
75,91,22
16,41,22
19,96,22
19,1,22
88,23,22
77,24,22
71,43,22
58,47,22
7,55,22
33,73,22
30,17,22
96,80,22
20,87,22
98,32,22
4,95,22
97,29,22
66,78,22
45,62,22
54,9,22
5,20,22
91,71,22
82,88,22
77,77,22
41,83,22
46,0,22
81,3,22
28,93,22
35,89,22
33,61,22
38,28,22
94,95,22
53,66,22
61,46,22
97,7,22
85,21,22
86,42,22
92,39,22
78,57,22
27,64,22
18,18,22
0,54,22
97,30,22
75,40,22
99,97,22
61,17,22
78,10,22
25,67,22
34,2,22
46,11,22
90,40,22
89,59,22
94,99,22
24,62,22
44,77,22
96,87,22
8,92,22
8,94,22
28,40,22
61,55,22
4,43,22
74,7,22
62,91,22
63,14,22
63,59,22
14,30,22
16,57,22
48,36,22
8,77,22
0,42,22
39,13,22
63,91,22
21,61,22
40,85,22
57,82,22
56,93,22
99,91,22
59,57,22
15,10,22
38,9,22
59,93,22
18,26,22
44,30,22
36,44,22
7,82,22
51,40,22
23,16,22
59,13,22
2,45,22
89,70,22
52,43,22
15,75,22
60,13,22
66,82,22
47,48,22
96,33,22
38,6,22
82,44,22
85,71,22
87,73,22
11,92,22
80,80,22
83,89,22
78,70,22
85,48,22
3,23,22
93,12,22
46,28,22
83,83,22
15,76,22
53,19,22
8,20,22
75,55,22
87,34,22
14,99,22
12,52,22
63,1,22
25,52,22
24,71,22
24,54,22
24,10,22
72,11,22
30,79,22
93,48,22
95,61,22
45,58,22
65,67,22
73,6,22
53,56,22
71,96,22
17,98,22
45,67,22
30,71,22
4,52,22
92,25,22
31,7,22
25,16,22
35,19,22
97,43,22
72,65,22
49,91,22
11,44,22
65,7,22
87,10,22
71,19,22
61,77,22
43,93,22
19,16,22
13,4,22
84,28,22
26,37,22
21,50,22
50,7,22
95,91,22
11,68,22
10,10,22
88,66,22
31,46,22
87,90,22
83,22,22
52,2,22
25,21,22
90,84,22
72,98,22
13,70,22
26,19,22
67,35,22
47,74,22
75,16,22
8,9,22
82,10,22
71,15,22
54,80,22
92,98,22
65,53,22
8,74,22
6,85,22
59,97,22
95,92,22
28,46,22
57,71,22
51,43,22
32,35,22
41,3,22
32,44,22
49,15,22
65,96,22
52,61,22
79,57,22
12,19,22
34,61,22
37,19,22
53,76,22
31,70,22
77,81,22
51,12,22
47,2,22
48,60,22
61,83,22
31,67,22
67,70,22
28,25,22
62,1,22
35,16,22
44,11,22
1,76,22
44,3,22
59,23,22
57,77,22
40,40,22
29,0,22
79,0,22
35,96,22
86,5,22
79,86,22
73,79,22
44,49,22
91,12,22
78,2,22
4,99,22
12,50,22
26,68,22
60,89,22
30,26,22
27,84,22
2,87,22
0,40,22
90,71,22
9,27,22
86,85,22
83,41,22
81,35,22
0,84,22
33,66,22
41,51,22
29,95,22
5,77,22
14,54,22
53,84,22
76,62,22
28,60,22
35,5,22
22,2,22
91,19,22
55,81,22
79,5,22
20,6,22
76,26,22
37,57,22
40,36,22
75,99,22
43,42,22
50,83,22
10,74,22
18,96,22
43,1,22
89,34,22
34,17,22
79,15,22
91,80,22
20,17,22
85,9,22
26,90,22
64,98,22
57,49,22
97,36,22
34,54,22
49,0,22
71,95,22
31,65,22
37,31,22
18,1,22
86,76,22
99,69,22
42,62,22
77,15,22
94,48,22
59,77,22
99,7,22
29,99,22
93,45,22
41,91,22
78,16,22
5,10,22
80,29,22
7,63,22
66,16,22
12,78,22
64,75,22
11,77,22
7,24,22
97,61,22
88,38,22
6,8,22
83,13,22
61,16,22
11,35,22
79,62,22
19,81,22
56,84,22
58,76,22
66,47,22
84,97,22
69,37,22
67,82,22
89,76,22
96,59,22
74,76,22
98,88,22
11,45,22
6,25,22
65,17,22
29,18,22
77,47,22
80,19,22
56,43,22
17,48,22
82,89,22
74,83,22
1,2,22
72,38,22
47,25,22
9,93,22
82,6,22
18,12,22
50,17,22
85,6,22
66,49,22
51,16,22
81,55,22
58,80,22
99,25,22
45,59,22
46,44,22
63,30,22
79,11,22
68,49,22
37,48,22
98,14,22
30,59,22
14,93,22
66,1,22
15,97,22
4,71,22
16,38,22
7,32,22
13,55,22
89,72,22
52,87,22
59,11,22
38,96,22
54,94,22
50,96,22
73,86,22
69,14,22
60,41,22
31,79,22
13,49,22
59,5,22
97,27,22
9,68,22
8,70,22
24,46,22
9,16,22
61,97,22
41,36,22
74,79,22
99,36,22
40,90,22
22,40,22
48,93,22
99,83,22
80,32,22
15,58,22
50,31,22
52,74,22
2,66,22
84,1,22
28,94,22
36,24,22
72,34,22
27,0,22
14,76,22
8,62,22
86,39,22
73,76,22
81,96,22
22,98,22
25,99,22
64,70,22
22,39,22
50,25,22
88,7,22
5,97,22
86,64,22
49,86,22
1,37,22
83,77,22
37,14,22
29,8,22
43,56,22
93,11,22
30,97,22
12,42,22
21,72,22
6,90,22
79,91,22
46,79,22
24,29,22
60,7,22
93,52,22
22,56,22
27,6,22
45,45,22
83,76,22
16,22,22
27,96,22
49,51,22
61,42,22
37,89,22
43,22,22
98,21,22
11,98,22
0,32,22
1,75,22
58,68,22
44,7,22
89,21,22
36,34,22
29,22,22
15,14,22
82,11,22
33,15,22
99,79,22
44,65,22
10,15,22
65,72,22
62,55,22
73,67,22
33,29,22
7,48,22
68,36,22
31,9,22
54,78,22
52,70,22
34,98,22
36,86,22
65,61,22
7,71,22
91,36,22
23,21,22
2,36,22
60,80,22
88,93,22
71,84,22
71,45,22
16,58,22
34,52,22
33,72,22
26,99,22
42,55,22
86,30,22
98,13,22
16,18,22
42,2,22
10,66,22
6,47,22
33,42,22
60,65,22
97,69,22
59,59,22
86,92,22
51,5,22
55,95,22
5,48,22
86,16,22
43,84,22
49,33,22
45,30,22
33,18,22
28,74,22
12,81,22
85,59,22
38,83,22
70,97,22
55,67,22
73,65,22
8,13,22
94,13,22
82,36,22
63,18,22
10,92,22
53,31,22
75,59,22
13,83,22
82,20,22
95,79,22
49,3,22
51,33,22
16,87,22
16,88,22
45,11,22
37,91,22
35,23,22
57,65,22
35,20,22
98,39,22
75,86,22
84,7,22
14,33,22
18,87,22
16,11,22
78,41,22
50,57,22
63,41,22
44,69,22
48,16,22
41,67,22
52,12,22
21,8,22
79,93,22
72,20,22
18,25,22
19,67,22
71,56,22
38,67,22
98,60,22
75,30,22
16,7,22
57,14,22
75,9,22
29,39,22
97,20,22
8,29,22
19,26,22
45,95,22
55,94,22
46,5,22
29,21,22
34,53,22
64,91,22
10,27,22
33,54,22
83,45,22
94,30,22
39,57,22
4,94,22
32,47,22
62,90,22
86,48,22
30,35,22
48,47,22
97,1,22
87,78,22
31,64,22
59,24,22
47,64,22
87,15,22
79,60,22
79,85,22
18,4,22
4,19,22
19,71,22
25,27,22
19,42,22
82,13,22
88,42,22
23,86,22
99,42,22
87,95,22
43,71,22
36,36,22
16,43,22
87,55,22
39,27,22
47,26,22
83,2,22
95,9,22
41,19,22
2,82,22
23,37,22
34,59,22
42,76,22
68,26,22
60,88,22
56,34,22
75,76,22
73,82,22
94,70,22
22,13,22
3,0,22
11,16,22
65,25,22
61,84,22
86,7,22
85,16,22
71,20,22
24,68,22
34,11,22
31,33,22
98,84,22
98,53,22
64,5,22
85,63,22
88,97,22
58,81,22
70,47,22
3,50,22
78,85,22
52,78,22
79,40,22
43,79,22
32,1,22
31,57,22
2,69,22
52,1,22
31,42,22
47,85,22
52,8,22
66,3,22
29,38,22
25,24,22
48,58,22
31,30,22
24,94,22
76,58,22
82,86,22
32,39,22
44,44,22
66,19,22
26,82,22
72,40,22
92,11,22
46,41,22
97,54,22
84,26,22
86,88,22
7,49,22
82,34,22
62,21,22
64,49,22
19,44,22
68,31,22
80,44,22
80,33,22
28,57,22
27,8,22
87,22,22
39,87,22
43,18,22
47,8,22
17,87,22
65,16,22
34,81,22
25,39,22
2,6,22
29,62,22
27,99,22
96,79,22
79,77,22
55,13,22
38,57,22
97,3,22
44,27,22
69,63,22
56,26,22
40,23,22
95,85,22
6,14,22
41,26,22
60,76,22
42,90,22
15,66,22
71,25,22
51,30,22
3,36,22
30,20,22
37,3,22
76,53,22
39,76,22
57,39,22
73,45,22
19,94,22
68,50,22
55,93,22
76,11,22
17,60,22
15,1,22
67,49,22
3,33,22
12,17,22
16,6,22
9,61,22
86,9,22
0,83,22
57,27,22
16,61,22
49,57,22
8,69,22
48,48,22
90,26,22
49,65,22
9,21,22
11,71,22
17,91,22
84,16,22
43,94,22
89,89,22
14,60,22
49,96,22
90,21,22
92,35,22
13,68,22
99,63,22
40,74,22
71,14,22
84,79,22
34,71,22
43,13,22
1,81,22
75,53,22
27,25,22
70,98,22
76,16,22
13,57,22
17,6,22
28,80,22
17,50,22
50,89,22
42,32,22
86,40,22
89,99,22
41,40,22
4,79,22
81,92,22
62,82,22
1,8,22
79,27,21
87,47,21
56,99,21
15,81,21
58,25,21
39,61,21
5,82,21
44,38,21
67,71,21
38,86,21
17,93,21
6,42,21
71,97,21
85,66,21
20,5,21
24,76,21
60,77,21
23,60,21
57,54,21
69,74,21
75,67,21
2,10,21
83,97,21
37,80,21
53,73,21
4,86,21
55,21,21
32,52,21
82,27,21
27,15,21
5,95,21
4,70,21
44,86,21
11,75,21
97,86,21
89,56,21
4,21,21
0,71,21
51,64,21
86,86,21
0,92,21
5,76,21
90,50,21
66,79,21
19,83,21
74,49,21
29,76,21
24,28,21
29,6,21
46,82,21
75,20,21
72,3,21
91,24,21
40,94,21
57,32,21
82,71,21
58,33,21
60,85,21
61,48,21
90,18,21
48,2,21
46,1,21
86,52,21
45,38,21
25,62,21
71,40,21
42,61,21
94,62,21
75,70,21
52,83,21
5,99,21
50,72,21
46,9,21
87,21,21
84,84,21
11,41,21
68,55,21
76,13,21
73,71,21
35,48,21
88,2,21
6,73,21
84,48,21
24,75,21
79,78,21
0,27,21
22,27,21
63,95,21
78,49,21
21,52,21
41,25,21
3,6,21
86,83,21
93,89,21
48,49,21
7,90,21
27,55,21
81,57,21
88,1,21
80,6,21
82,80,21
29,33,21
73,64,21
2,30,21
86,37,21
11,88,21
90,0,21
87,4,21
82,4,21
11,53,21
27,38,21
82,93,21
87,66,21
94,58,21
7,64,21
92,21,21
29,36,21
72,32,21
46,70,21
12,10,21
52,27,21
6,57,21
39,80,21
76,8,21
44,72,21
9,4,21
58,88,21
21,84,21
15,53,21
27,74,21
28,81,21
96,8,21
36,81,21
75,22,21
5,9,21
10,14,21
73,84,21
30,9,21
97,14,21
66,43,21
11,33,21
58,61,21
46,54,21
82,52,21
87,52,21
11,7,21
37,41,21
39,24,21
74,91,21
74,17,21
81,99,21
96,55,21
70,92,21
8,10,21
84,27,21
97,47,21
29,13,21
42,15,21
23,64,21
67,56,21
55,2,21
20,86,21
80,23,21
27,50,21
76,42,21
74,40,21
7,65,21
35,97,21
88,18,21
54,29,21
59,17,21
82,84,21
45,81,21
5,60,21
81,38,21
44,20,21
1,62,21
64,43,21
21,34,21
78,64,21
27,63,21
22,22,21
92,90,21
11,18,21
32,66,21
24,81,21
61,49,21
55,62,21
91,68,21
80,49,21
22,0,21
50,73,21
80,59,21
1,24,21
55,15,21
66,73,21
10,48,21
17,52,21
89,47,21
12,41,21
19,99,21
58,19,21
68,34,21
32,79,21
29,42,21
0,63,21
11,64,21
92,42,21
84,74,21
30,75,21
9,22,21
57,89,21
78,42,21
93,73,21
74,80,21
68,9,21
95,7,21
99,53,21
73,43,21
98,57,21
78,45,21
80,36,21
39,69,21
91,78,21
0,15,21
81,81,21
43,86,21
93,57,21
15,15,21
93,4,21
91,87,21
20,40,21
77,55,21
90,32,21
27,33,21
52,55,21
91,86,21
71,22,21
94,41,21
11,25,21
66,2,21
37,29,21
37,22,21
74,33,21
48,70,21
21,58,21
24,21,21
27,77,21
73,36,21
18,44,21
11,40,21
14,10,21
40,7,21
38,46,21
16,79,21
92,66,21
93,14,21
90,80,21
95,23,21
38,92,21
60,37,21
85,4,21
81,89,21
52,84,21
19,82,21
2,16,21
21,99,21
90,62,21
15,77,21
88,41,21
73,24,21
28,16,21
50,8,21
29,7,21
90,15,21
10,26,21
24,6,21
34,30,21
60,49,21
20,85,21
28,9,21
26,87,21
33,27,21
15,45,21
44,64,21
31,37,21
76,91,21
83,19,21
1,83,21
59,53,21
47,6,21
75,92,21
23,1,21
6,18,21
16,5,21
92,53,21
41,85,21
70,3,21
86,82,21
96,0,21
1,17,21
11,32,21
93,22,21
3,29,21
34,45,21
84,61,21
50,74,21
6,35,21
35,78,21
39,93,21
33,11,21
88,88,21
31,94,21
29,87,21
80,22,21
51,19,21
43,27,21
52,62,21
91,25,21
48,26,21
66,68,21
67,21,21
98,74,21
89,13,21
53,70,21
88,86,21
29,49,21
41,53,21
31,20,21
55,31,21
20,67,21
11,82,21
88,26,21
93,25,21
49,94,21
26,38,21
10,40,21
6,19,21
4,25,21
21,28,21
92,10,21
99,78,21
21,92,21
40,14,21
81,12,21
26,45,21
13,86,21
45,75,21
39,84,21
26,15,21
89,18,21
49,81,21
35,98,21
94,32,21
80,82,21
2,59,21
6,92,21
39,78,21
35,76,21
38,80,21
39,22,21
37,49,21
69,36,21
94,15,21
11,90,21
23,67,21
66,30,21
47,97,21
56,11,21
45,80,21
36,22,21
68,18,21
70,76,21
78,33,21
27,1,21
95,26,21
98,29,21
62,40,21
15,12,21
23,55,21
36,80,21
25,7,21
35,51,21
91,21,21
9,30,21
92,41,21
63,9,21
88,22,21
65,98,21
19,68,21
93,24,21
70,35,21
42,75,21
3,58,21
21,98,21
98,85,21
70,19,21
71,67,21
7,95,21
22,45,21
28,71,21
23,49,21
96,19,21
53,24,21
54,46,21
83,4,21
40,16,21
24,61,21
50,97,21
27,83,21
4,29,21
12,48,21
59,6,21
38,27,21
77,39,21
19,41,21
60,92,21
17,38,21
57,94,21
71,86,21
70,55,21
83,61,21
98,50,21
70,14,21
22,7,21
54,62,21
32,33,21
61,85,21
19,10,21
27,32,21
59,72,21
26,28,21
97,6,21
24,70,21
70,23,21
68,32,21
52,92,21
47,34,21
84,57,21
61,47,21
82,8,21
40,45,21
34,29,21
52,63,21
96,18,21
48,34,21
11,22,21
59,61,21
79,30,21
1,43,21
42,44,21
7,79,21
76,17,21
16,92,21
26,48,21
34,90,21
47,91,21
24,60,21
6,20,21
13,62,21
27,14,21
64,55,21
0,80,21
32,45,21
36,39,21
56,1,21
33,25,21
58,42,21
38,65,21
13,51,21
42,16,21
8,76,21
95,37,21
37,23,21
23,5,21
81,72,21
84,93,21
3,75,21
32,77,21
65,64,21
64,83,21
76,77,21
32,67,21
64,67,21
18,22,21
88,47,21
82,53,21
51,51,21
58,72,21
37,52,21
32,91,21
57,72,21
48,67,21
39,95,21
28,42,21
97,40,21
2,23,21
15,96,21
51,80,21
34,7,21
72,73,21
77,73,21
49,49,21
60,74,21
99,48,21
94,56,21
75,66,21
28,34,21
46,66,21
98,69,21
38,4,21
61,20,21
39,4,21
24,42,21
56,52,21
53,29,21
72,4,21
56,54,21
76,31,21
52,76,21
72,55,21
80,21,21
54,32,21
87,37,21
81,65,21
65,71,21
22,49,21
24,37,21
38,58,21
32,93,21
17,51,21
11,24,21
26,83,21
32,34,21
7,78,21
12,37,21
84,56,21
45,47,21
49,99,21
79,19,21
28,30,21
96,62,21
30,85,21
62,62,21
13,39,21
85,93,21
19,66,21
0,28,21
48,0,21
74,99,21
25,88,21
14,25,21
85,29,21
94,86,21
91,73,21
17,13,21
59,41,21
44,81,21
0,0,21
12,23,21
26,84,21
24,45,21
1,20,21
35,95,21
67,43,21
19,98,21
5,30,21
52,57,21
95,43,21
35,32,21
99,31,21
83,33,21
22,46,21
55,77,21
5,40,21
96,10,21
97,63,21
54,93,21
98,87,21
4,58,21
39,8,21
97,53,21
45,83,21
65,51,21
96,60,21
23,17,21
13,75,21
10,7,21
35,39,21
77,44,21
48,33,21
43,91,21
0,56,21
57,50,21
3,61,21
42,4,21
85,31,21
57,59,21
93,26,21
14,19,21
43,98,21
96,3,21
27,27,21
69,78,21
78,38,21
49,80,21
66,21,21
72,58,21
93,6,21
36,25,21
95,52,21
85,0,21
41,4,21
27,45,21
59,69,21
22,9,21
58,34,21
64,59,21
27,26,21
85,41,21
45,34,21
19,23,21
43,41,21
78,23,21
17,7,21
88,61,21
29,56,21
77,22,21
52,34,21
62,60,21
73,32,21
25,0,21
45,36,21
88,85,21
52,86,21
91,94,21
96,89,21
50,94,21
30,8,21
39,34,21
32,5,21
51,58,21
26,1,21
68,99,21
32,49,21
2,7,21
36,96,21
92,59,21
67,51,21
60,35,21
12,75,21
76,89,21
21,4,21
50,91,21
72,30,21
20,78,21
68,54,21
86,18,21
13,71,21
21,6,21
36,73,21
57,38,21
79,31,21
46,35,21
19,14,21
83,91,21
62,73,21
55,36,21
16,13,21
61,38,21
77,3,21
76,52,21
99,6,21
62,33,21
25,77,21
3,15,21
68,48,21
83,86,21
99,80,21
48,61,21
79,29,21
69,42,21
65,55,21
9,35,21
98,36,21
15,86,21
72,68,21
74,73,21
71,75,21
17,39,21
4,93,21
83,69,21
28,3,21
30,54,21
29,66,21
49,24,21
26,9,21
47,66,21
23,88,21
45,2,21
27,43,21
26,25,21
88,50,21
86,44,21
13,29,21
13,81,21
88,79,21
97,79,21
8,85,21
16,19,21
90,31,21
87,84,21
10,75,21
78,80,21
84,5,21
58,9,21
47,96,21
60,86,21
63,25,21
72,60,21
62,8,21
62,72,21
14,61,21
94,42,21
90,89,21
43,60,21
24,88,21
29,73,21
19,49,21
59,28,21
4,27,21
74,75,21
70,67,21
65,20,21
4,23,21
3,63,21
83,38,21
96,12,21
87,12,21
22,34,21
95,81,21
92,86,21
57,70,21
95,67,21
75,56,21
11,21,21
98,94,21
52,0,21
48,76,21
2,62,21
28,1,21
44,96,21
31,78,21
41,70,21
97,94,21
49,21,21
13,94,21
81,82,21
50,62,21
38,74,21
78,4,21
16,2,21
30,81,21
60,71,21
62,61,21
18,39,21
0,41,21
1,36,21
46,31,21
96,13,21
55,78,21
79,80,21
97,59,21
3,38,21
47,98,21
87,50,21
16,66,21
40,82,21
88,28,21
14,82,21
93,62,21
1,57,21
16,95,21
0,39,21
11,91,21
24,32,21
63,72,21
71,78,21
80,51,21
39,39,21
57,29,21
64,0,21
58,60,21
46,73,21
41,5,21
99,76,21
35,92,21
48,66,21
80,81,21
63,16,21
30,67,21
91,44,21
21,71,21
22,77,21
21,18,21
7,10,21
15,7,21
99,15,21
89,63,21
54,34,21
79,58,21
73,11,21
55,52,21
27,41,21
77,18,21
36,32,21
67,41,21
26,12,21
13,42,21
89,46,21
13,3,21
49,7,21
44,6,21
82,99,21
19,30,21
9,50,21
70,9,21
64,57,21
83,82,21
3,13,21
25,72,21
54,59,21
35,68,21
61,2,21
79,1,21
40,78,21
57,81,21
43,78,21
35,46,21
88,53,21
40,83,21
69,72,21
59,68,21
16,74,21
66,5,21
79,64,21
53,51,21
37,13,21
32,61,21
62,94,21
40,21,21
91,37,21
93,76,21
95,16,21
65,24,21
34,82,21
31,55,21
96,86,21
84,43,21
3,18,21
46,27,21
43,53,21
76,67,21
41,60,21
71,91,21
6,41,21
44,1,21
57,19,21
28,15,21
50,70,21
5,71,21
26,14,21
47,20,21
62,10,21
28,85,21
62,36,21
60,8,21
78,92,21
51,54,21
14,42,21
31,50,21
32,36,21
29,78,21
73,41,21
35,53,21
86,68,21
94,9,21
44,47,21
26,55,21
35,24,21
41,72,20
88,33,20
80,58,20
84,31,20
67,64,20
2,39,20
15,64,20
10,22,20
91,22,20
21,54,20
54,37,20
89,57,20
46,71,20
34,78,20
64,42,20
44,75,20
97,37,20
3,88,20
95,55,20
73,57,20
41,13,20
79,4,20
54,92,20
94,61,20
80,30,20
87,30,20
69,4,20
70,93,20
66,91,20
50,24,20
72,67,20
45,56,20
30,65,20
22,82,20
37,74,20
40,66,20
25,84,20
51,81,20
52,64,20
40,79,20
50,77,20
22,16,20
19,90,20
92,58,20
28,88,20
40,24,20
15,6,20
37,42,20
31,62,20
89,20,20
22,43,20
8,3,20
7,38,20
60,0,20
79,97,20
64,52,20
39,89,20
55,25,20
59,52,20
48,43,20
60,43,20
0,66,20
56,81,20
89,61,20
95,96,20
54,85,20
40,19,20
28,23,20
99,17,20
60,78,20
3,46,20
58,29,20
69,82,20
52,81,20
82,92,20
52,44,20
59,10,20
1,97,20
68,41,20
8,11,20
83,78,20
6,62,20
69,76,20
88,63,20
98,41,20
25,8,20
43,63,20
18,5,20
94,68,20
50,23,20
5,50,20
92,85,20
67,96,20
65,91,20
77,79,20
6,93,20
15,18,20
16,20,20
61,80,20
66,10,20
39,99,20
98,59,20
75,80,20
81,34,20
74,69,20
47,90,20
33,85,20
12,79,20
48,75,20
57,68,20
31,90,20
57,41,20
37,34,20
27,4,20
7,98,20
83,32,20
23,48,20
9,0,20
93,33,20
99,96,20
18,69,20
21,38,20
83,57,20
82,1,20
51,83,20
45,92,20
29,28,20
15,57,20
16,97,20
94,82,20
75,88,20
31,61,20
64,95,20
18,94,20
65,52,20
28,29,20
40,54,20
74,71,20
94,71,20
94,28,20
79,83,20
88,87,20
7,4,20
13,80,20
55,70,20
98,2,20
92,16,20
9,74,20
42,41,20
31,32,20
67,80,20
37,30,20
31,47,20
8,5,20
83,80,20
22,48,20
24,69,20
19,4,20
45,77,20
51,25,20
75,79,20
69,77,20
19,88,20
19,21,20
14,67,20
95,20,20
2,0,20
71,9,20
84,78,20
31,59,20
31,95,20
72,29,20
75,7,20
27,13,20
67,58,20
99,39,20
72,56,20
98,5,20
91,30,20
2,29,20
35,47,20
88,13,20
25,58,20
51,1,20
80,61,20
44,61,20
39,26,20
43,92,20
10,79,20
7,92,20
30,3,20
37,9,20
49,97,20
59,78,20
53,38,20
13,69,20
97,60,20
46,57,20
63,97,20
50,46,20
89,78,20
54,38,20
31,60,20
80,25,20
55,16,20
80,24,20
30,27,20
26,52,20
13,34,20
76,56,20
38,24,20
17,20,20
77,12,20
16,64,20
85,17,20
7,54,20
61,51,20
85,46,20
34,24,20
15,20,20
76,72,20
44,37,20
82,42,20
43,34,20
95,27,20
90,52,20
89,41,20
80,98,20
78,69,20
22,94,20
88,78,20
63,52,20
37,39,20
51,34,20
65,32,20
96,70,20
38,51,20
32,27,20
35,22,20
73,2,20
54,64,20
11,34,20
76,20,20
44,4,20
37,69,20
91,20,20
76,43,20
23,91,20
53,25,20
68,4,20
50,99,20
48,57,20
16,89,20
79,88,20
59,2,20
68,97,20
91,46,20
77,83,20
70,86,20
81,85,20
96,48,20
27,17,20
52,48,20
16,56,20
8,61,20
17,88,20
35,3,20
33,59,20
67,28,20
24,5,20
29,12,20
21,49,20
71,26,20
4,60,20
39,74,20
99,60,20
99,72,20
21,57,20
63,61,20
23,62,20
40,48,20
97,72,20
66,0,20
0,74,20
92,49,20
14,90,20
6,45,20
65,18,20
54,45,20
81,32,20
91,74,20
80,46,20
13,97,20
74,48,20
54,40,20
96,67,20
96,31,20
16,73,20
24,93,20
72,39,20
88,76,20
84,11,20
70,60,20
29,40,20
50,66,20
45,54,20
74,85,20
32,12,20
42,70,20
29,82,20
36,17,20
0,94,20
30,53,20
23,20,20
29,45,20
44,98,20
69,85,20
94,85,20
73,9,20
22,59,20
89,54,20
43,62,20
21,15,20
19,27,20
13,18,20
9,70,20
73,16,20
80,87,20
72,27,20
31,87,20
94,49,20
76,99,20
68,16,20
91,61,20
84,18,20
20,84,20
55,11,20
5,11,20
23,46,20
98,43,20
9,63,20
82,50,20
69,6,20
41,14,20
66,75,20
10,4,20
91,72,20
76,74,20
95,94,20
74,39,20
33,34,20
54,39,20
92,30,20
59,25,20
7,74,20
37,68,20
35,87,20
60,81,20
68,79,20
96,94,20
46,20,20
14,83,20
5,29,20
86,95,20
67,53,20
13,87,20
5,31,20
79,34,20
65,90,20
53,8,20
98,15,20
26,27,20
46,60,20
20,93,20
62,83,20
5,73,20
25,57,20
38,73,20
84,58,20
28,73,20
84,54,20
88,81,20
39,42,20
82,0,20
17,72,20
34,4,20
18,67,20
42,35,20
71,64,20
36,30,20
85,65,20
35,52,20
21,64,20
53,5,20
33,53,20
94,72,20
91,84,20
2,84,20
78,18,20
87,82,20
48,9,20
82,74,20
50,68,20
48,59,20
87,32,20
35,72,20
10,71,20
0,59,20
75,57,20
35,73,20
88,34,20
33,17,20
90,95,20
6,50,20
24,24,20
68,93,20
92,71,20
96,78,20
13,54,20
77,4,20
53,34,20
3,60,20
12,15,20
56,45,20
38,45,20
81,67,20
4,16,20
45,89,20
28,63,20
42,18,20
81,63,20
68,60,20
89,27,20
39,51,20
43,21,20
74,4,20
54,73,20
12,74,20
87,92,20
57,69,20
25,15,20
31,53,20
16,30,20
48,96,20
0,37,20
51,13,20
91,41,20
26,24,20
58,27,20
62,86,20
15,33,20
63,65,20
34,21,20
28,49,20
87,83,20
58,98,20
12,62,20
48,78,20
21,32,20
81,9,20
60,57,20
46,33,20
3,32,20
90,34,20
44,66,20
26,63,20
21,59,20
55,53,20
98,79,20
25,98,20
82,83,20
78,61,20
29,47,20
56,66,20
37,60,20
22,11,20
83,29,20
63,46,20
38,69,20
73,73,20
53,46,20
72,48,20
6,70,20
35,63,20
49,90,20
20,44,20
77,40,20
52,28,20
20,2,20
79,39,20
15,39,20
23,96,20
59,58,20
83,72,20
76,61,20
86,99,20
15,8,20
96,26,20
76,22,20
73,56,20
76,79,20
95,60,20
8,1,20
87,89,20
50,6,20
90,44,20
75,6,20
75,44,20
14,74,20
61,86,20
32,84,20
25,40,20
99,10,20
17,95,20
69,69,20
32,80,20
89,10,20
95,65,20
5,74,20
21,27,20
27,10,20
83,46,20
36,13,20
34,86,20
2,35,20
9,36,20
36,46,20
66,60,20
17,25,20
34,57,20
21,86,20
77,56,20
42,98,20
18,3,20
64,11,20
75,69,20
99,55,20
84,37,20
96,52,20
68,88,20
19,38,20
12,39,20
4,84,20
32,63,20
4,63,20
16,45,20
68,27,20
31,73,20
10,23,20
7,69,20
47,58,20
91,39,20
27,56,20
42,78,20
87,67,20
21,75,20
72,61,20
48,87,20
66,22,20
96,88,20
16,83,20
45,71,20
52,38,20
96,6,20
39,85,20
97,98,20
41,55,20
20,90,20
25,80,20
60,67,20
37,88,20
80,10,20
78,26,20
41,79,20
69,89,20
35,10,20
71,70,20
30,50,20
14,35,20
34,72,20
50,63,20
47,61,20
89,31,20
65,39,20
24,36,20
39,25,20
46,47,20
24,3,20
94,43,20
93,31,20
78,48,20
53,35,20
7,16,20
94,16,20
81,78,20
72,12,20
20,25,20
40,99,20
64,90,20
54,48,20
92,52,20
10,29,20
4,50,20
70,29,20
50,14,20
12,64,20
67,47,20
50,32,20
47,83,20
29,52,20
41,24,20
59,60,20
86,67,20
7,18,20
64,80,20
59,88,20
72,57,20
92,84,20
4,47,20
81,13,20
30,68,20
54,76,20
86,21,20
5,88,20
57,2,20
67,75,20
9,89,20
54,54,20
31,16,20
55,32,20
87,16,20
39,88,20
43,81,20
22,86,20
37,27,20
14,20,20
69,97,20
4,85,20
63,22,20
94,36,20
13,85,20
40,88,20
59,46,20
83,17,20
60,23,20
65,48,20
96,4,20
52,52,20
49,38,20
81,19,20
47,5,20
77,70,20
32,22,20
94,78,20
63,42,20
63,69,20
23,79,20
46,42,20
87,27,20
55,55,20
41,50,20
35,84,20
92,28,20
45,98,20
97,0,20
51,52,20
66,40,20
42,52,20
77,31,20
67,98,20
85,78,20
73,46,20
88,54,20
75,85,20
12,66,20
84,10,20
10,55,20
96,97,20
40,53,20
8,75,20
37,15,20
32,32,20
53,62,20
92,48,20
25,20,20
89,40,20
7,22,20
54,31,20
96,29,20
74,10,20
38,43,20
58,62,20
49,52,20
92,57,20
62,76,20
66,38,20
86,6,20
94,50,20
25,35,20
42,85,20
41,28,20
2,48,20
69,75,20
66,81,20
11,0,20
88,21,20
40,97,20
95,39,20
68,72,20
8,86,20
59,67,20
99,64,20
58,63,20
51,95,20
74,47,20
10,9,20
44,19,20
90,86,20
44,93,20
26,95,20
40,32,20
50,38,20
69,30,20
21,43,20
58,31,20
84,67,20
36,1,20
91,34,20
35,38,20
78,62,20
24,18,20
45,93,20
6,87,20
65,14,20
8,0,20
36,98,20
36,85,20
99,61,20
30,78,20
15,95,20
97,4,20
15,3,20
34,42,20
98,82,20
88,39,20
59,14,20
68,96,20
62,98,20
12,85,20
72,17,20
45,17,20
90,19,20
58,92,20
35,37,20
23,72,20
52,82,20
82,15,20
57,37,20
94,44,20
20,91,20
52,54,20
59,63,20
16,3,20
43,77,20
11,74,20
73,85,20
10,31,20
21,80,20
63,88,20
16,72,20
91,70,20
17,79,20
40,70,20
59,45,20
40,13,20
52,50,20
61,79,20
64,18,20
53,63,20
22,76,20
74,5,20
87,43,20
56,44,20
74,57,20
33,58,20
12,5,20
63,17,20
45,6,20
90,78,20
43,57,20
74,64,20
51,62,20
75,61,20
88,80,20
36,31,20
84,77,20
81,10,20
3,53,20
80,48,20
53,45,20
47,81,20
71,76,20
28,58,20
55,90,20
28,70,20
30,40,20
44,29,20
99,74,20
57,23,20
51,48,20
18,50,20
40,80,20
84,94,20
41,29,20
67,90,20
10,49,20
83,81,20
92,17,20
23,33,20
29,19,20
47,80,20
72,74,20
18,99,20
96,41,20
17,49,20
65,54,20
28,99,20
76,84,20
69,58,20
55,56,20
66,55,20
31,38,20
34,88,20
65,76,20
21,69,20
29,89,20
81,73,20
64,64,20
61,18,20
26,43,20
0,47,20
13,22,20
62,50,20
78,29,20
68,43,20
17,19,20
21,87,20
26,54,20
66,63,20
11,2,20
51,27,20
88,44,20
92,69,20
21,1,20
70,91,20
71,51,20
72,81,20
67,22,20
41,90,20
84,23,20
72,89,20
42,86,20
58,89,20
93,32,20
76,82,20
39,72,20
89,15,20
68,25,20
45,48,20
15,23,20
56,17,20
56,22,20
20,94,20
96,42,20
63,5,20
85,18,20
79,7,20
66,36,20
81,69,20
26,30,20
53,78,20
91,83,20
60,52,20
87,46,20
73,37,20
79,71,20
99,68,20
19,92,19
92,62,19
96,23,19
12,69,19
7,40,19
68,78,19
18,72,19
39,62,19
46,87,19
43,64,19
39,3,19
98,96,19
14,97,19
47,0,19
87,86,19
91,76,19
68,17,19
33,47,19
46,3,19
61,96,19
93,98,19
77,90,19
75,49,19
8,98,19
23,27,19
91,16,19
81,23,19
29,96,19
45,39,19
25,1,19
44,17,19
64,44,19
80,5,19
95,33,19
24,57,19
69,0,19
59,92,19
98,9,19
96,84,19
3,69,19
0,13,19
4,12,19
69,44,19
1,84,19
14,81,19
78,52,19
51,14,19
48,54,19
39,97,19
96,71,19
84,49,19
34,93,19
11,46,19
14,11,19
56,40,19
22,63,19
28,82,19
9,54,19
91,67,19
30,57,19
42,51,19
59,16,19
31,86,19
54,7,19
38,7,19
67,23,19
66,17,19
18,64,19
88,83,19
70,17,19
17,70,19
81,60,19
4,65,19
27,23,19
58,94,19
64,77,19
30,2,19
73,0,19
28,6,19
50,19,19
47,95,19
63,78,19
54,51,19
69,83,19
41,78,19
28,87,19
30,64,19
46,6,19
15,38,19
31,48,19
47,18,19
18,47,19
6,11,19
96,37,19
42,84,19
84,88,19
22,80,19
38,59,19
76,12,19
65,56,19
89,93,19
4,77,19
71,83,19
51,24,19
33,5,19
12,14,19
8,17,19
65,21,19
44,12,19
50,95,19
47,22,19
58,4,19
78,82,19
67,3,19
11,28,19
2,53,19
76,78,19
6,80,19
21,94,19
77,1,19
92,6,19
40,9,19
63,74,19
74,95,19
45,73,19
41,92,19
61,3,19
75,54,19
43,26,19
58,10,19
86,8,19
43,97,19
33,35,19
57,63,19
20,32,19
15,82,19
48,91,19
37,25,19
92,46,19
82,3,19
10,51,19
0,62,19
13,67,19
8,37,19
79,52,19
91,59,19
5,78,19
42,60,19
75,46,19
65,29,19
79,65,19
51,11,19
48,27,19
27,36,19
56,36,19
51,23,19
63,15,19
71,17,19
64,17,19
63,84,19
84,85,19
7,94,19
78,51,19
21,9,19
17,8,19
11,55,19
17,99,19
35,66,19
50,84,19
37,63,19
35,58,19
58,14,19
26,58,19
86,32,19
14,79,19
37,85,19
97,75,19
78,65,19
13,10,19
24,9,19
17,73,19
74,23,19
35,93,19
23,81,19
93,88,19
88,17,19
88,51,19
6,27,19
51,31,19
72,9,19
32,68,19
56,48,19
80,95,19
1,19,19
43,68,19
15,92,19
17,2,19
94,77,19
10,73,19
19,51,19
14,87,19
46,39,19
55,44,19
61,10,19
93,72,19
54,35,19
72,85,19
56,72,19
42,67,19
87,68,19
63,99,19
84,15,19
30,63,19
48,38,19
66,13,19
61,32,19
9,56,19
76,88,19
23,95,19
12,32,19
80,67,19
90,53,19
30,62,19
54,66,19
21,56,19
95,15,19
99,66,19
70,46,19
29,23,19
94,39,19
8,43,19
8,40,19
67,68,19
56,95,19
90,51,19
10,50,19
51,79,19
21,14,19
91,17,19
29,81,19
59,9,19
55,88,19
65,89,19
10,35,19
93,90,19
86,22,19
45,16,19
69,34,19
34,75,19
49,95,19
41,6,19
29,16,19
46,86,19
72,76,19
99,5,19
79,90,19
5,90,19
5,16,19
78,1,19
39,94,19
81,5,19
15,37,19
51,74,19
77,93,19
58,58,19
88,45,19
47,67,19
5,13,19
61,82,19
0,31,19
80,39,19
13,53,19
56,56,19
71,33,19
46,95,19
28,35,19
13,8,19
50,1,19
85,83,19
66,51,19
92,12,19
75,12,19
90,42,19
22,17,19
8,88,19
70,5,19
61,93,19
95,29,19
42,45,19
29,74,19
17,62,19
35,83,19
88,37,19
41,73,19
8,78,19
42,20,19
58,69,19
4,8,19
48,30,19
29,57,19
52,13,19
20,33,19
92,70,19
79,16,19
99,3,19
77,11,19
46,94,19
58,86,19
35,65,19
85,79,19
90,45,19
49,43,19
9,2,19
34,63,19
60,29,19
60,33,19
91,28,19
26,62,19
34,32,19
62,52,19
33,32,19
41,88,19
14,58,19
43,38,19
82,55,19
51,60,19
49,46,19
7,3,19
23,82,19
23,41,19
51,87,19
29,70,19
38,47,19
15,31,19
93,53,19
35,21,19
26,31,19
54,99,19
49,42,19
33,74,19
63,83,19
68,91,19
1,7,19
3,57,19
66,80,19
17,36,19
66,33,19
63,73,19
94,34,19
17,85,19
28,53,19
81,94,19
56,46,19
9,91,19
34,94,19
6,55,19
9,52,19
52,77,19
31,45,19
57,73,19
31,84,19
5,21,19
44,83,19
79,94,19
49,61,19
77,33,19
60,73,19
67,78,19
4,53,19
84,35,19
28,45,19
76,38,19
46,53,19
2,32,19
73,62,19
79,75,19
88,95,19
76,19,19
77,14,19
40,1,19
80,70,19
1,28,19
20,69,19
89,3,19
14,94,19
81,0,19
95,90,19
1,93,19
14,50,19
10,68,19
9,10,19
44,55,19
44,71,19
36,92,19
0,19,19
56,85,19
53,58,19
77,17,19
64,56,19
11,70,19
90,23,19
83,34,19
69,5,19
58,39,19
96,85,19
95,25,19
63,13,19
22,75,19
10,96,19
39,81,19
47,55,19
50,15,19
68,92,19
62,28,19
73,88,19
92,91,19
39,67,19
0,85,19
33,95,19
78,43,19
83,48,19
69,13,19
86,15,19
23,74,19
35,44,19
71,93,19
53,10,19
95,98,19
63,55,19
12,53,19
72,41,19
91,82,19
70,81,19
94,90,19
92,54,19
18,41,19
10,89,19
23,54,19
62,22,19
13,82,19
63,0,19
95,83,19
19,0,19
40,31,19
34,20,19
29,29,19
76,55,19
16,51,19
3,95,19
22,53,19
63,2,19
51,76,19
25,13,19
89,43,19
71,29,19
97,93,19
31,18,19
1,86,19
19,93,19
57,8,19
84,34,19
59,95,19
39,12,19
78,73,19
10,45,19
21,77,19
65,35,19
15,17,19
33,98,19
34,34,19
30,69,19
68,82,19
83,18,19
88,94,19
57,21,19
5,39,19
77,72,19
20,57,19
75,47,19
20,43,19
10,82,19
67,93,19
73,49,19
56,9,19
43,74,19
91,53,19
73,54,19
26,36,19
15,99,19
74,22,19
40,77,19
17,21,19
91,2,19
35,9,19
9,18,19
96,28,19
0,60,19
65,11,19
5,66,19
94,89,19
32,94,19
86,78,19
3,31,19
91,15,19
31,93,19
5,44,19
53,85,19
48,82,19
31,24,19
95,48,19
98,3,19
25,43,19
99,52,19
95,22,19
95,73,19
32,29,19
73,29,19
21,66,19
33,10,19
21,65,19
61,70,19
11,78,19
85,3,19
84,92,19
67,16,19
97,10,19
38,49,19
51,86,19
58,2,19
70,83,19
31,68,19
81,6,19
58,1,19
44,42,19
94,11,19
63,68,19
89,50,19
18,83,19
86,26,19
47,89,19
60,4,19
3,80,19
87,6,19
80,14,19
28,76,19
77,9,19
47,9,19
32,59,19
80,66,19
5,28,19
98,62,19
15,11,19
59,82,19
35,70,19
61,5,19
49,83,19
2,4,19
7,15,19
91,54,19
33,80,19
97,50,19
14,73,19
15,47,19
47,71,19
98,51,19
1,53,19
47,39,19
31,54,19
56,62,19
9,38,19
54,96,19
92,96,19
4,80,19
58,56,19
88,11,19
80,53,19
69,28,19
23,71,19
35,0,19
37,65,19
34,0,19
27,34,19
15,2,19
8,72,19
32,50,19
8,39,19
9,75,19
13,76,19
89,5,19
35,56,19
30,70,19
71,55,19
28,69,19
14,95,19
97,97,19
23,73,19
51,99,19
32,40,19
61,4,19
65,74,19
1,6,19
83,66,19
85,74,19
18,80,19
63,36,19
50,80,19
34,87,19
33,41,19
10,8,19
90,10,19
76,54,19
20,63,19
35,50,19
38,84,19
34,65,19
93,65,19
70,41,19
13,26,19
5,37,19
33,31,19
9,90,19
0,97,19
58,50,19
92,99,19
81,39,19
26,91,19
1,60,19
67,7,19
82,98,19
82,46,19
68,67,19
90,94,19
55,33,19
41,57,19
98,10,19
33,91,19
24,39,19
50,93,19
33,75,19
23,34,19
36,77,19
9,66,19
23,15,19
52,23,19
11,63,19
64,3,19
7,66,19
47,32,19
80,90,19
43,61,19
18,60,19
20,88,19
7,7,19
38,97,19
59,29,19
40,0,19
60,51,19
64,93,19
43,8,19
70,96,19
69,17,19
58,54,19
51,84,19
15,69,19
82,61,19
7,23,19
97,57,19
50,16,19
14,53,19
65,30,19
42,14,19
63,77,19
61,76,19
69,61,19
98,19,19
88,60,19
73,94,19
58,0,19
33,26,19
49,89,19
14,62,19
2,46,19
40,75,19
77,7,19
98,4,19
26,60,19
90,41,19
83,39,19
41,64,19
74,98,19
86,41,19
15,90,19
12,60,19
61,7,19
89,4,19
65,47,19
98,72,19
12,20,19
96,81,19
71,0,19
87,13,19
59,32,19
94,10,19
66,14,19
98,73,19
75,96,19
77,2,19
55,46,19
91,95,19
71,23,19
78,8,19
7,93,19
87,2,19
15,54,19
49,35,19
26,92,19
49,47,19
87,3,19
1,54,19
33,4,19
50,90,19
14,8,19
11,85,19
45,90,19
79,50,19
35,30,19
69,64,19
44,91,19
65,33,19
41,17,19
36,48,19
2,24,19
76,48,19
2,34,19
99,18,19
24,8,19
78,87,19
50,4,19
95,49,19
29,88,19
4,49,19
79,81,19
6,30,19
75,15,19
19,7,19
20,15,19
27,51,19
44,9,19
21,44,19
67,74,19
52,31,19
16,80,19
41,74,19
29,43,19
22,29,19
63,32,19
51,91,19
56,30,19
14,16,19
53,55,19
71,88,19
43,87,19
79,63,19
42,12,19
50,18,19
60,75,19
93,75,19
8,55,19
68,37,19
54,21,19
52,18,19
17,41,19
46,65,19
90,6,19
77,42,19
54,27,19
96,30,19
68,45,19
89,66,19
88,96,19
53,59,19
31,27,19
82,82,19
32,26,19
74,82,19
96,36,19
3,44,19
55,34,19
28,36,19
27,54,19
28,51,19
52,49,19
40,57,19
84,91,19
82,35,19
90,70,19
82,59,19
82,97,19
6,29,19
21,53,19
85,54,19
44,60,19
8,54,19
90,77,19
0,8,19
79,72,19
92,8,19
61,65,19
26,33,19
11,96,19
12,55,19
28,44,19
36,35,19
47,19,19
84,87,19
17,10,19
14,5,19
69,94,19
36,72,19
21,33,19
17,67,19
5,25,19
25,85,19
32,96,19
29,92,19
25,12,19
24,67,19
30,52,19
27,65,19
86,25,19
33,67,19
85,5,19
60,21,19
56,69,19
15,60,19
78,97,19
51,50,19
88,62,19
75,18,19
88,92,19
66,94,19
29,26,19
24,44,19
76,37,19
34,48,19
62,92,19
83,58,19
43,4,19
83,74,19
99,62,19
61,91,19
6,39,19
8,44,19
99,49,19
21,19,19
39,45,19
88,57,19
91,55,19
66,45,19
56,29,19
99,11,19
18,79,18
39,14,18
88,84,18
19,57,18
69,29,18
92,32,18
78,28,18
92,2,18
27,89,18
65,10,18
21,96,18
89,36,18
59,66,18
38,72,18
68,81,18
47,49,18
17,56,18
46,77,18
50,20,18
5,83,18
39,52,18
42,28,18
28,7,18
27,97,18
12,95,18
9,28,18
74,77,18
57,35,18
0,68,18
0,7,18
11,36,18
50,45,18
42,33,18
27,9,18
65,8,18
56,8,18
38,50,18
89,74,18
37,17,18
93,78,18
73,70,18
30,13,18
35,88,18
21,60,18
55,54,18
25,64,18
30,46,18
62,88,18
56,4,18
88,64,18
82,90,18
69,1,18
53,13,18
64,26,18
1,98,18
21,70,18
44,73,18
53,72,18
17,64,18
58,17,18
25,23,18
7,76,18
42,56,18
18,11,18
46,17,18
40,91,18
86,24,18
89,79,18
66,88,18
46,62,18
59,50,18
52,6,18
65,40,18
69,22,18
12,96,18
55,72,18
46,18,18
8,46,18
8,2,18
10,16,18
67,97,18
2,94,18
11,51,18
53,97,18
78,67,18
45,51,18
60,97,18
56,88,18
12,44,18
22,18,18
92,40,18
6,84,18
31,17,18
45,14,18
16,90,18
85,44,18
54,26,18
5,61,18
73,75,18
25,26,18
87,72,18
94,2,18
32,70,18
12,71,18
72,75,18
68,59,18
65,69,18
15,43,18
54,95,18
51,82,18
62,87,18
1,18,18
61,72,18
32,92,18
55,30,18
63,60,18
50,21,18
88,8,18
16,52,18
29,5,18
70,57,18
4,66,18
47,69,18
40,64,18
73,23,18
64,79,18
90,2,18
35,74,18
23,66,18
39,58,18
43,2,18
14,91,18
81,30,18
55,71,18
7,75,18
72,1,18
78,39,18
24,34,18
86,55,18
41,68,18
58,3,18
64,15,18
25,96,18
41,93,18
97,46,18
14,98,18
94,65,18
95,18,18
62,17,18
26,2,18
78,79,18
23,83,18
32,95,18
81,71,18
46,97,18
65,38,18
96,93,18
68,66,18
17,90,18
98,99,18
44,70,18
91,35,18
86,10,18
89,23,18
47,42,18
7,60,18
37,64,18
33,63,18
98,46,18
97,89,18
11,58,18
16,82,18
64,14,18
93,34,18
28,64,18
52,91,18
18,20,18
6,4,18
36,90,18
57,10,18
97,8,18
29,67,18
76,15,18
20,68,18
78,11,18
41,39,18
57,66,18
95,47,18
70,61,18
70,71,18
98,78,18
75,28,18
87,1,18
77,61,18
84,2,18
76,51,18
86,20,18
41,95,18
36,12,18
56,92,18
0,30,18
50,55,18
20,99,18
7,33,18
78,58,18
0,26,18
68,86,18
79,20,18
11,1,18
10,87,18
76,9,18
84,46,18
99,54,18
82,69,18
55,63,18
60,17,18
33,45,18
28,43,18
3,12,18
20,72,18
63,94,18
97,31,18
66,71,18
75,68,18
86,89,18
15,4,18
86,81,18
97,70,18
59,44,18
97,65,18
58,36,18
65,86,18
44,0,18
29,25,18
91,27,18
82,79,18
95,99,18
61,64,18
68,2,18
37,6,18
73,47,18
72,94,18
34,22,18
38,25,18
85,24,18
15,30,18
47,1,18
9,44,18
35,31,18
6,64,18
55,1,18
51,38,18
63,12,18
47,92,18
61,52,18
68,46,18
35,17,18
23,51,18
42,9,18
7,2,18
62,78,18
81,21,18
64,89,18
30,39,18
79,82,18
32,14,18
37,44,18
36,89,18
44,18,18
98,83,18
60,66,18
22,41,18
5,92,18
73,26,18
64,41,18
13,15,18
46,67,18
43,47,18
12,83,18
67,92,18
36,66,18
19,85,18
24,25,18
71,1,18
1,15,18
41,87,18
77,75,18
33,90,18
49,75,18
71,4,18
9,86,18
27,24,18
52,41,18
50,60,18
8,73,18
5,3,18
39,49,18
8,63,18
36,50,18
32,19,18
68,85,18
52,47,18
40,3,18
10,86,18
45,18,18
49,76,18
25,36,18
66,4,18
5,51,18
31,76,18
90,59,18
53,74,18
14,80,18
87,39,18
74,0,18
0,72,18
50,2,18
47,44,18
67,10,18
51,37,18
66,31,18
13,7,18
9,17,18
23,3,18
14,48,18
98,92,18
78,75,18
49,12,18
29,64,18
3,96,18
71,49,18
19,36,18
44,14,18
63,34,18
59,34,18
11,87,18
37,53,18
87,91,18
55,86,18
2,41,18
28,11,18
58,15,18
19,25,18
39,64,18
14,22,18
41,8,18
53,17,18
20,39,18
0,99,18
72,63,18
86,91,18
95,6,18
88,90,18
95,41,18
50,65,18
15,50,18
58,99,18
80,7,18
63,56,18
16,70,18
6,49,18
34,1,18
61,53,18
81,18,18
37,24,18
7,77,18
85,32,18
93,17,18
62,54,18
27,79,18
86,74,18
42,95,18
84,83,18
60,24,18
33,69,18
82,62,18
90,54,18
39,5,18
67,6,18
2,65,18
6,91,18
14,34,18
17,27,18
79,44,18
48,42,18
47,37,18
92,38,18
39,35,18
49,58,18
98,30,18
50,43,18
68,21,18
83,40,18
41,35,18
2,91,18
73,69,18
44,89,18
80,56,18
58,64,18
49,72,18
74,28,18
67,50,18
89,38,18
17,29,18
27,92,18
27,28,18
3,11,18
46,32,18
33,39,18
13,90,18
57,53,18
7,5,18
1,10,18
74,18,18
63,20,18
2,31,18
81,95,18
45,28,18
64,7,18
20,75,18
49,32,18
45,60,18
9,42,18
11,8,18
30,7,18
99,38,18
95,53,18
30,89,18
81,64,18
84,55,18
18,84,18
80,52,18
84,29,18
85,70,18
52,20,18
51,46,18
3,45,18
45,21,18
99,85,18
22,15,18
54,42,18
94,55,18
46,55,18
79,46,18
61,25,18
13,84,18
25,82,18
14,18,18
48,99,18
34,16,18
92,26,18
44,84,18
89,86,18
81,40,18
96,27,18
29,44,18
35,25,18
27,87,18
27,5,18
38,1,18
66,66,18
91,88,18
69,40,18
43,55,18
54,1,18
11,42,18
26,74,18
80,38,18
48,85,18
61,39,18
38,11,18
88,43,18
97,76,18
22,12,18
15,56,18
93,21,18
13,45,18
78,59,18
68,52,18
47,38,18
71,31,18
75,48,18
1,40,18
53,16,18
9,96,18
81,77,18
52,75,18
41,15,18
17,9,18
63,79,18
54,61,18
56,97,18
4,68,18
14,28,18
7,91,18
88,27,18
30,47,18
96,76,18
96,24,18
27,62,18
46,10,18
18,92,18
10,25,18
49,4,18
24,90,18
95,88,18
13,92,18
69,60,18
91,77,18
97,42,18
59,74,18
59,12,18
2,11,18
12,49,18
51,78,18
63,54,18
12,13,18
89,2,18
46,19,18
39,28,18
25,25,18
36,87,18
45,91,18
80,74,18
28,61,18
89,26,18
4,67,18
86,19,18
93,28,18
77,88,18
74,93,18
6,89,18
99,2,18
93,56,18
88,67,18
27,71,18
61,41,18
76,96,18
7,25,18
54,57,18
57,52,18
46,76,18
99,73,18
65,15,18
24,51,18
4,10,18
40,89,18
59,55,18
49,66,18
15,88,18
97,66,18
71,27,18
80,50,18
58,78,18
22,83,18
16,98,18
22,14,18
6,13,18
25,78,18
17,31,18
80,55,18
19,63,18
16,34,18
50,92,18
30,23,18
72,93,18
96,83,18
38,78,18
70,50,18
82,21,18
71,80,18
16,8,18
71,63,18
32,4,18
34,67,18
70,2,18
88,91,18
0,95,18
34,85,18
32,51,18
58,87,18
34,89,18
39,44,18
36,42,18
8,91,18
25,18,18
33,51,18
58,49,18
31,6,18
24,58,18
83,25,18
91,48,18
39,17,18
62,23,18
20,24,18
75,95,18
39,77,18
94,21,18
16,42,18
2,56,18
44,53,18
8,48,18
25,92,18
48,69,18
25,66,18
90,39,18
68,3,18
25,95,18
75,8,18
72,36,18
28,14,18
61,66,18
3,64,18
27,31,18
65,37,18
89,33,18
86,3,18
70,32,18
35,45,18
19,79,18
98,20,18
22,85,18
95,5,18
79,48,18
64,36,18
88,20,18
24,31,18
36,38,18
69,53,18
26,49,18
62,4,18
67,66,18
89,16,18
70,16,18
1,73,18
56,38,18
15,42,18
4,51,18
25,29,18
67,65,18
69,70,18
51,66,18
34,97,18
39,9,18
61,68,18
70,37,18
37,2,18
65,85,18
11,13,18
77,87,18
23,32,18
56,42,18
33,50,18
62,44,18
23,92,18
44,25,18
22,50,18
65,49,18
33,2,18
86,80,18
19,54,18
30,91,18
7,56,18
35,90,18
73,3,18
27,20,18
19,53,18
24,7,18
90,4,18
8,97,18
45,61,18
12,4,18
82,63,18
19,75,18
94,93,18
2,89,18
6,77,18
26,41,18
59,87,18
4,97,18
55,92,18
47,54,18
3,94,18
11,72,18
81,41,18
68,10,18
40,11,18
62,5,18
11,62,18
32,37,18
32,65,18
13,1,18
70,90,18
5,86,18
47,30,18
33,20,18
94,18,18
95,30,18
53,40,18
26,10,18
45,0,18
35,54,18
78,77,18
89,62,18
54,97,18
48,17,18
46,52,18
22,30,18
19,80,18
64,65,18
48,6,18
82,72,18
53,23,18
80,8,18
55,76,18
8,42,18
10,58,18
68,53,18
92,34,18
91,1,18
87,85,18
2,17,18
54,4,18
36,14,18
22,92,18
59,43,18
16,21,18
12,61,18
57,44,18
51,89,18
81,54,18
78,3,18
38,14,18
32,30,18
67,81,18
22,47,18
85,7,18
29,60,18
90,90,18
76,57,18
37,54,18
42,68,18
23,23,18
52,59,18
38,2,18
19,86,18
70,51,18
5,14,18
19,22,18
94,67,18
59,39,18
35,11,18
7,73,18
55,38,18
54,22,18
0,57,18
81,50,18
57,51,18
81,68,18
39,43,18
78,6,18
54,60,18
59,36,18
4,36,18
41,18,18
49,98,18
77,94,18
84,95,18
8,68,18
81,4,18
36,33,18
23,50,18
62,45,18
49,11,18
25,83,18
53,75,18
60,9,18
56,71,18
98,71,18
87,58,18
1,96,18
60,10,18
95,87,18
76,32,18
84,96,18
88,70,18
53,89,18
59,51,18
70,70,18
20,55,18
38,18,18
18,70,18
55,98,18
12,67,18
6,40,18
35,77,18
94,46,18
3,55,18
18,0,18
57,46,18
53,7,18
52,37,18
84,21,18
75,62,18
70,88,18
15,21,18
3,87,18
0,35,18
55,96,18
68,6,18
37,78,18
7,85,18
18,29,18
69,56,18
61,74,18
45,3,18
11,14,18
97,91,18
59,0,18
21,23,18
23,31,18
93,38,18
75,45,18
6,79,18
81,42,18
40,65,18
93,95,18
33,88,18
42,22,18
85,26,18
12,89,18
15,36,18
43,17,18
89,68,18
50,5,18
11,93,18
58,73,18
96,64,18
1,66,18
48,46,18
63,45,18
2,52,18
50,69,18
89,39,18
30,96,18
62,85,18
57,97,18
2,5,18
60,25,18
17,45,18
41,23,18
97,17,18
92,0,18
55,17,18
26,13,17
97,9,17
80,94,17
21,11,17
8,57,17
78,74,17
6,97,17
75,35,17
77,97,17
73,28,17
56,7,17
40,25,17
63,49,17
7,36,17
5,58,17
17,4,17
67,99,17
29,32,17
66,9,17
53,11,17
61,30,17
82,91,17
84,52,17
58,57,17
89,90,17
2,76,17
39,66,17
5,27,17
39,41,17
45,1,17
21,62,17
89,8,17
64,94,17
72,83,17
30,51,17
49,53,17
23,35,17
67,79,17
55,23,17
22,99,17
4,34,17
36,3,17
24,50,17
17,61,17
76,87,17
99,87,17
41,86,17
66,58,17
41,94,17
11,81,17
80,77,17
97,16,17
37,47,17
91,98,17
74,12,17
28,72,17
58,65,17
33,9,17
51,75,17
71,94,17
73,80,17
92,88,17
44,2,17
26,6,17
31,89,17
0,90,17
42,25,17
6,6,17
32,8,17
82,68,17
6,66,17
52,53,17
80,12,17
85,37,17
83,59,17
99,28,17
88,89,17
4,39,17
39,6,17
66,84,17
14,17,17
17,33,17
37,71,17
10,30,17
26,35,17
51,92,17
51,72,17
34,8,17
69,21,17
67,38,17
36,23,17
28,47,17
38,21,17
73,90,17
84,51,17
40,87,17
91,65,17
23,12,17
2,47,17
38,48,17
58,12,17
63,57,17
31,96,17
63,63,17
19,50,17
96,49,17
29,31,17
40,18,17
75,5,17
51,18,17
91,85,17
73,33,17
89,84,17
80,68,17
39,0,17
15,34,17
33,77,17
8,35,17
11,99,17
69,92,17
73,12,17
64,58,17
69,68,17
55,75,17
20,74,17
7,41,17
41,31,17
97,23,17
0,53,17
58,13,17
67,17,17
11,15,17
73,17,17
9,58,17
89,58,17
93,86,17
7,34,17
42,40,17
44,50,17
68,1,17
52,51,17
22,28,17
76,25,17
35,41,17
26,5,17
26,26,17
78,9,17
62,25,17
9,95,17
11,10,17
99,12,17
57,67,17
82,5,17
86,61,17
97,19,17
40,2,17
64,46,17
20,76,17
19,37,17
93,80,17
85,30,17
47,14,17
37,97,17
74,54,17
80,92,17
92,20,17
57,16,17
23,42,17
29,34,17
43,23,17
79,70,17
28,27,17
81,66,17
45,5,17
75,50,17
85,81,17
93,77,17
64,32,17
47,27,17
90,58,17
20,97,17
43,35,17
82,7,17
75,83,17
98,70,17
12,54,17
50,44,17
97,56,17
64,73,17
98,49,17
9,1,17
34,95,17
14,39,17
8,71,17
8,24,17
96,34,17
50,86,17
93,27,17
85,84,17
45,74,17
65,9,17
74,87,17
4,92,17
70,25,17
87,5,17
11,49,17
92,3,17
85,99,17
70,45,17
48,50,17
13,9,17
90,65,17
19,73,17
75,81,17
18,42,17
50,39,17
13,38,17
1,45,17
90,12,17
78,76,17
22,32,17
73,60,17
33,55,17
52,16,17
43,11,17
30,94,17
16,24,17
81,46,17
43,75,17
68,8,17
85,56,17
97,39,17
95,74,17
0,58,17
83,90,17
62,89,17
69,48,17
61,78,17
86,79,17
57,45,17
85,80,17
56,47,17
26,96,17
7,21,17
45,72,17
15,98,17
62,93,17
15,73,17
97,99,17
91,47,17
80,9,17
75,78,17
57,91,17
80,97,17
67,13,17
34,76,17
65,6,17
19,20,17
0,38,17
27,19,17
45,63,17
52,25,17
83,93,17
3,24,17
7,35,17
30,45,17
6,15,17
7,44,17
16,0,17
1,3,17
98,45,17
77,86,17
2,19,17
3,48,17
84,60,17
15,52,17
6,96,17
8,19,17
94,75,17
66,52,17
60,83,17
84,33,17
66,70,17
1,85,17
1,41,17
82,32,17
16,46,17
73,59,17
39,47,17
30,5,17
6,24,17
62,34,17
63,19,17
18,61,17
17,83,17
13,52,17
9,34,17
56,82,17
96,51,17
8,34,17
56,58,17
65,3,17
47,57,17
52,90,17
4,4,17
27,11,17
37,50,17
30,12,17
83,20,17
77,49,17
37,82,17
66,83,17
97,55,17
15,65,17
20,46,17
59,56,17
39,98,17
43,3,17
96,56,17
3,71,17
48,92,17
8,53,17
64,61,17
40,8,17
32,87,17
29,63,17
30,99,17
78,78,17
84,45,17
60,6,17
24,12,17
28,78,17
67,34,17
94,84,17
84,38,17
56,49,17
55,26,17
39,71,17
20,11,17
41,12,17
17,82,17
67,29,17
28,8,17
62,32,17
90,91,17
60,82,17
95,3,17
9,82,17
85,58,17
3,2,17
49,16,17
40,62,17
14,49,17
48,94,17
65,75,17
60,46,17
76,29,17
70,36,17
17,53,17
20,65,17
44,51,17
14,32,17
91,89,17
60,54,17
18,24,17
94,1,17
11,59,17
31,77,17
40,61,17
58,74,17
75,3,17
62,49,17
91,33,17
85,11,17
42,19,17
85,75,17
38,77,17
6,2,17
51,0,17
31,15,17
28,98,17
27,95,17
81,98,17
67,1,17
58,90,17
68,64,17
51,57,17
70,63,17
90,61,17
91,99,17
97,77,17
91,43,17
98,77,17
13,24,17
19,72,17
36,37,17
99,75,17
35,8,17
92,67,17
34,33,17
39,50,17
99,30,17
19,84,17
14,44,17
91,93,17
13,37,17
76,5,17
74,55,17
44,22,17
20,7,17
1,64,17
15,61,17
26,32,17
90,64,17
93,10,17
88,32,17
10,57,17
62,67,17
74,94,17
3,41,17
43,49,17
32,17,17
34,10,17
38,10,17
51,26,17
88,9,17
87,41,17
38,32,17
30,84,17
11,4,17
63,80,17
79,36,17
16,17,17
65,5,17
54,14,17
93,67,17
48,74,17
85,87,17
76,86,17
81,33,17
34,25,17
62,12,17
95,50,17
30,44,17
34,27,17
68,56,17
54,6,17
56,37,17
29,61,17
37,98,17
74,21,17
68,11,17
13,40,17
81,48,17
9,97,17
24,56,17
28,4,17
2,3,17
67,20,17
22,44,17
42,7,17
71,46,17
80,42,17
79,73,17
46,99,17
58,44,17
84,44,17
19,19,17
3,62,17
19,43,17
39,29,17
11,48,17
99,50,17
83,53,17
50,52,17
56,65,17
1,21,17
45,78,17
27,69,17
74,27,17
83,10,17
40,93,17
75,37,17
0,82,17
20,48,17
54,36,17
2,64,17
4,74,17
30,58,17
63,38,17
43,31,17
80,26,17
84,32,17
91,8,17
10,32,17
92,45,17
4,11,17
15,48,17
45,50,17
47,47,17
93,44,17
77,41,17
12,25,17
39,23,17
79,12,17
96,15,17
0,79,17
72,80,17
78,22,17
47,86,17
0,51,17
62,79,17
53,49,17
51,85,17
8,58,17
49,29,17
95,64,17
57,36,17
24,85,17
4,40,17
95,84,17
39,16,17
32,58,17
5,67,17
52,19,17
47,63,17
89,24,17
24,41,17
76,97,17
90,83,17
54,63,17
86,31,17
56,57,17
94,96,17
16,26,17
4,6,17
36,88,17
55,41,17
34,41,17
96,14,17
28,89,17
80,27,17
75,89,17
4,59,17
98,56,17
77,91,17
77,19,17
66,28,17
59,62,17
93,50,17
33,70,17
60,45,17
77,78,17
17,55,17
46,15,17
1,99,17
52,93,17
79,3,17
28,92,17
3,14,17
1,35,17
9,41,17
13,78,17
41,2,17
53,60,17
11,76,17
48,11,17
17,71,17
64,25,17
53,94,17
14,75,17
99,20,17
83,56,17
40,22,17
1,25,17
13,25,17
10,34,17
90,7,17
44,97,17
78,37,17
84,30,17
51,22,17
53,21,17
58,66,17
64,47,17
85,36,17
78,34,17
51,67,17
23,13,17
84,80,17
82,19,17
24,79,17
23,8,17
94,35,17
13,91,17
97,68,17
6,59,17
76,70,17
22,1,17
36,29,17
30,77,17
90,5,17
27,30,17
12,16,17
63,43,17
96,91,17
72,0,17
36,69,17
28,21,17
91,63,17
61,58,17
44,59,17
57,92,17
20,54,17
10,36,17
18,9,17
77,32,17
91,57,17
77,20,17
20,30,17
73,35,17
40,98,17
69,59,17
7,72,17
43,69,17
63,90,17
99,45,17
16,15,17
9,46,17
29,30,17
67,57,17
22,36,17
84,76,17
24,11,17
95,19,17
59,91,17
72,69,17
41,62,17
69,19,17
9,55,17
19,61,17
55,66,17
69,31,17
63,26,17
44,43,17
70,89,17
81,31,17
60,91,17
45,35,17
62,80,17
68,29,17
92,83,17
77,50,17
71,69,17
9,71,17
22,10,17
23,68,17
33,3,17
22,58,17
8,93,17
9,43,17
55,91,17
69,27,17
22,73,17
68,89,17
93,96,17
29,20,17
78,53,17
80,75,17
77,80,17
19,17,17
5,62,17
52,42,17
37,43,17
34,15,17
58,18,17
57,96,17
13,60,17
42,8,17
28,52,17
8,49,17
15,79,17
68,38,17
36,79,17
94,20,17
87,69,17
80,47,17
65,12,17
6,31,17
5,84,17
28,91,17
92,22,17
27,68,17
1,46,17
11,17,17
29,2,17
71,36,17
31,98,17
37,72,17
4,91,17
46,8,17
64,62,17
33,78,17
85,40,17
44,63,17
7,89,17
83,73,17
95,62,17
55,28,17
18,76,17
69,33,17
6,98,17
79,45,17
64,87,17
10,41,17
79,17,17
71,77,17
74,68,17
2,88,17
38,37,17
11,30,17
20,58,17
44,31,17
52,85,17
85,88,17
71,21,17
94,4,17
94,38,17
95,76,17
6,16,17
34,13,17
63,89,17
94,8,17
74,43,17
85,35,17
8,81,17
16,29,17
26,73,17
73,38,17
99,44,16
84,41,16
47,76,16
9,24,16
69,15,16
5,96,16
31,8,16
60,22,16
97,64,16
21,10,16
89,35,16
45,20,16
86,98,16
57,84,16
70,7,16
18,54,16
55,42,16
89,51,16
2,85,16
48,12,16
16,53,16
99,9,16
93,74,16
45,33,16
39,56,16
64,66,16
97,80,16
8,41,16
55,83,16
51,9,16
12,24,16
1,0,16
34,83,16
19,34,16
72,33,16
43,7,16
71,37,16
2,20,16
13,59,16
88,35,16
17,44,16
63,53,16
33,7,16
61,31,16
69,16,16
9,31,16
77,65,16
91,45,16
65,84,16
87,24,16
70,95,16
84,86,16
38,19,16
70,38,16
46,90,16
11,79,16
40,69,16
0,12,16
56,50,16
10,37,16
76,44,16
33,92,16
32,21,16
21,74,16
20,62,16
21,25,16
71,24,16
38,56,16
85,92,16
25,76,16
65,23,16
29,37,16
19,15,16
59,73,16
99,98,16
77,74,16
52,40,16
84,63,16
24,86,16
68,63,16
40,60,16
57,20,16
85,39,16
49,18,16
55,27,16
25,41,16
44,57,16
26,42,16
91,96,16
45,53,16
91,11,16
10,95,16
62,71,16
93,63,16
91,29,16
60,84,16
83,1,16
95,58,16
93,46,16
38,20,16
0,69,16
48,81,16
19,59,16
20,38,16
89,48,16
46,92,16
35,69,16
22,93,16
69,43,16
81,61,16
14,40,16
65,82,16
40,63,16
56,87,16
77,29,16
21,12,16
2,90,16
80,69,16
76,39,16
0,6,16
92,74,16
87,18,16
16,96,16
60,39,16
52,98,16
4,24,16
22,61,16
95,59,16
43,10,16
1,33,16
71,61,16
33,65,16
90,96,16
88,15,16
28,0,16
26,69,16
26,46,16
42,49,16
92,44,16
72,15,16
32,73,16
85,8,16
30,31,16
41,44,16
30,76,16
84,4,16
21,16,16
51,32,16
9,40,16
31,4,16
3,37,16
84,75,16
98,38,16
19,60,16
44,46,16
90,87,16
90,97,16
57,0,16
94,76,16
20,37,16
35,12,16
53,15,16
30,25,16
15,13,16
35,64,16
77,60,16
37,33,16
38,82,16
71,82,16
74,6,16
83,14,16
87,14,16
20,21,16
75,34,16
80,57,16
98,65,16
54,49,16
80,76,16
46,63,16
56,10,16
76,0,16
32,56,16
55,87,16
52,69,16
53,6,16
81,79,16
66,32,16
33,57,16
46,45,16
22,64,16
4,17,16
47,62,16
69,55,16
38,22,16
55,47,16
72,44,16
0,34,16
1,77,16
48,23,16
73,48,16
23,70,16
46,12,16
87,61,16
20,4,16
61,34,16
51,45,16
58,83,16
29,27,16
64,8,16
94,92,16
94,17,16
25,19,16
25,60,16
74,9,16
45,82,16
30,49,16
33,89,16
0,23,16
99,47,16
84,62,16
39,91,16
12,6,16
51,61,16
31,29,16
19,91,16
43,95,16
43,72,16
86,54,16
59,37,16
27,35,16
73,1,16
29,55,16
13,48,16
94,0,16
33,60,16
19,58,16
3,22,16
36,43,16
1,12,16
78,30,16
12,29,16
58,45,16
53,1,16
14,36,16
5,26,16
72,5,16
83,60,16
57,78,16
33,84,16
21,3,16
46,48,16
99,19,16
5,53,16
44,33,16
20,14,16
37,32,16
14,2,16
70,53,16
14,85,16
95,71,16
27,73,16
5,63,16
6,9,16
98,91,16
78,21,16
27,59,16
76,94,16
79,68,16
26,34,16
17,46,16
0,77,16
51,70,16
76,93,16
66,39,16
97,35,16
77,25,16
2,72,16
50,37,16
55,59,16
89,19,16
47,56,16
57,5,16
75,65,16
85,22,16
27,88,16
94,59,16
80,86,16
7,83,16
64,12,16
90,88,16
25,2,16
73,91,16
3,93,16
20,34,16
68,5,16
57,40,16
15,87,16
79,2,16
25,59,16
16,10,16
2,81,16
43,83,16
60,11,16
30,14,16
23,29,16
85,10,16
18,53,16
72,8,16
22,71,16
20,22,16
79,47,16
64,60,16
13,12,16
71,85,16
70,64,16
34,58,16
55,8,16
58,91,16
89,45,16
93,15,16
63,81,16
45,64,16
41,54,16
90,8,16
18,43,16
93,39,16
19,32,16
87,25,16
73,53,16
25,94,16
66,20,16
0,33,16
30,66,16
81,58,16
71,44,16
95,77,16
90,93,16
54,50,16
62,48,16
97,82,16
42,72,16
69,93,16
90,85,16
39,10,16
61,6,16
67,32,16
62,37,16
94,29,16
52,46,16
52,65,16
93,36,16
55,57,16
35,43,16
80,16,16
21,40,16
37,86,16
31,40,16
10,13,16
80,78,16
15,71,16
10,19,16
17,16,16
41,58,16
84,47,16
32,38,16
49,82,16
63,66,16
35,1,16
78,66,16
53,93,16
77,16,16
71,11,16
89,30,16
72,52,16
69,54,16
40,96,16
86,12,16
36,70,16
7,68,16
70,31,16
34,91,16
30,16,16
81,17,16
7,84,16
65,26,16
68,12,16
16,9,16
87,33,16
67,86,16
37,58,16
64,88,16
25,89,16
77,35,16
64,1,16
55,60,16
40,67,16
24,38,16
75,14,16
61,54,16
13,46,16
54,89,16
42,13,16
85,50,16
64,86,16
87,44,16
47,93,16
84,71,16
78,50,16
26,18,16
9,20,16
39,31,16
67,59,16
23,10,16
68,58,16
87,31,16
11,65,16
98,52,16
21,5,16
82,58,16
73,10,16
36,55,16
75,94,16
72,42,16
43,54,16
56,23,16
88,40,16
2,55,16
65,80,16
68,70,16
76,33,16
36,28,16
96,44,16
7,80,16
32,78,16
10,28,16
25,86,16
62,7,16
67,60,16
29,85,16
14,6,16
75,13,16
30,73,16
48,44,16
43,50,16
80,1,16
38,95,16
66,37,16
1,34,16
87,51,16
15,59,16
36,60,16
35,55,16
46,83,16
65,65,16
87,45,16
93,0,16
60,1,16
42,11,16
69,35,16
66,48,16
52,5,16
33,96,16
87,28,16
88,55,16
72,59,16
60,64,16
3,82,16
83,9,16
24,33,16
14,0,16
97,34,16
17,63,16
59,71,16
52,72,16
41,10,16
3,43,16
0,9,16
17,28,16
80,72,16
40,28,16
46,4,16
10,5,16
2,27,16
59,8,16
14,41,16
0,96,16
80,62,16
0,46,16
4,32,16
54,12,16
58,95,16
6,22,16
29,11,16
54,17,16
57,83,16
98,23,16
26,39,16
92,63,16
36,97,16
57,12,16
76,85,16
3,27,16
53,9,16
57,86,16
15,19,16
71,59,16
89,12,16
75,84,16
70,28,16
17,86,16
19,55,16
67,14,16
98,48,16
49,23,16
43,43,16
62,63,16
11,39,16
14,92,16
90,35,16
83,37,16
33,8,16
70,20,16
29,90,16
48,25,16
46,98,16
51,2,16
51,94,16
41,38,16
78,55,16
31,34,16
42,34,16
74,19,16
94,7,16
91,60,16
5,32,16
53,53,16
38,68,16
92,1,16
18,40,16
48,10,16
46,51,16
23,85,16
74,58,16
78,15,16
12,22,16
48,5,16
99,16,16
97,32,16
71,92,16
81,83,16
60,96,16
25,79,16
50,82,16
34,51,16
37,75,16
45,79,16
26,8,16
76,34,16
71,68,16
29,59,16
42,21,16
89,75,16
21,2,16
25,68,16
31,31,16
82,70,16
6,68,16
26,66,16
6,72,16
68,90,16
9,99,16
17,84,16
75,77,16
41,46,16
75,58,16
33,1,16
19,6,16
3,20,16
71,5,16
85,90,16
22,25,16
67,45,16
5,57,16
90,79,16
91,81,16
55,74,16
42,91,16
58,93,16
45,99,16
18,95,16
91,75,16
44,74,16
70,68,16
66,6,16
7,8,16
70,56,16
94,98,16
23,58,16
10,80,16
60,58,16
26,89,16
37,12,16
81,8,16
43,39,16
50,33,16
79,79,16
44,76,16
53,57,16
49,26,16
49,41,16
36,94,16
31,11,16
5,15,16
69,87,15
41,43,15
91,6,15
7,96,15
78,71,15
20,18,15
76,2,15
78,40,15
33,82,15
64,71,15
93,3,15
54,77,15
0,70,15
18,52,15
35,7,15
25,33,15
54,83,15
86,4,15
8,12,15
55,7,15
66,61,15
67,52,15
22,78,15
39,73,15
17,89,15
89,69,15
88,68,15
28,86,15
87,59,15
95,36,15
94,27,15
65,73,15
20,95,15
0,29,15
29,51,15
22,51,15
89,17,15
3,79,15
16,39,15
9,48,15
42,1,15
66,59,15
16,44,15
32,54,15
4,76,15
11,94,15
7,6,15
18,32,15
6,34,15
75,36,15
57,1,15
42,80,15
22,62,15
52,15,15
65,63,15
62,81,15
94,60,15
45,87,15
38,54,15
74,30,15
67,2,15
2,22,15
99,41,15
95,57,15
3,85,15
32,55,15
55,4,15
65,95,15
85,33,15
81,52,15
50,79,15
46,58,15
22,24,15
71,28,15
44,54,15
2,37,15
8,99,15
47,52,15
63,93,15
73,44,15
42,47,15
60,72,15
45,32,15
41,21,15
92,33,15
45,84,15
43,82,15
6,60,15
13,21,15
42,23,15
72,43,15
79,99,15
42,97,15
48,88,15
49,64,15
85,23,15
47,70,15
89,37,15
74,26,15
41,76,15
82,38,15
36,82,15
66,89,15
0,64,15
56,3,15
34,92,15
92,50,15
63,35,15
2,83,15
54,30,15
24,65,15
36,40,15
3,67,15
12,0,15
10,52,15
16,40,15
65,77,15
94,23,15
0,88,15
63,76,15
44,80,15
68,0,15
37,40,15
56,24,15
9,85,15
97,87,15
21,63,15
83,26,15
14,72,15
0,98,15
12,58,15
51,65,15
73,78,15
1,87,15
93,68,15
77,85,15
27,58,15
18,88,15
83,99,15
53,18,15
19,69,15
12,77,15
64,38,15
8,26,15
8,32,15
42,94,15
79,32,15
30,98,15
53,99,15
95,34,15
59,81,15
21,93,15
27,60,15
71,52,15
30,95,15
56,96,15
73,22,15
33,23,15
90,98,15
74,34,15
72,78,15
99,92,15
59,79,15
55,97,15
30,11,15
21,45,15
73,50,15
40,58,15
25,50,15
2,38,15
13,16,15
4,61,15
24,59,15
89,44,15
70,59,15
55,48,15
74,84,15
62,9,15
75,21,15
23,47,15
32,81,15
53,81,15
52,96,15
73,18,15
3,68,15
67,89,15
65,92,15
98,7,15
53,68,15
18,2,15
78,14,15
82,45,15
31,35,15
95,82,15
92,13,15
17,54,15
1,27,15
44,48,15
4,73,15
31,41,15
10,60,15
8,18,15
38,75,15
95,40,15
90,60,15
47,53,15
39,21,15
37,26,15
5,36,15
91,40,15
73,19,15
35,61,15
68,24,15
34,62,15
55,99,15
29,75,15
77,63,15
27,21,15
15,55,15
54,82,15
27,53,15
11,73,15
97,49,15
27,98,15
63,11,15
1,38,15
24,64,15
96,16,15
95,78,15
72,13,15
41,59,15
47,12,15
23,44,15
96,74,15
11,57,15
38,5,15
12,31,15
39,90,15
2,61,15
91,49,15
65,94,15
80,20,15
34,19,15
90,47,15
77,96,15
66,67,15
44,15,15
98,27,15
7,17,15
3,70,15
76,45,15
61,99,15
1,52,15
61,44,15
19,56,15
49,74,15
70,27,15
44,36,15
61,29,15
75,64,15
30,72,15
18,90,15
33,30,15
66,62,15
55,18,15
75,1,15
97,78,15
41,20,15
55,9,15
62,65,15
36,68,15
21,30,15
35,36,15
83,7,15
90,37,15
56,39,15
68,30,15
1,55,15
76,47,15
32,99,15
39,59,15
30,22,15
4,46,15
2,86,15
11,95,15
19,12,15
33,38,15
84,17,15
39,38,15
48,63,15
81,27,15
31,12,15
96,68,15
64,84,15
14,13,15
68,76,15
25,55,15
93,58,15
86,50,15
9,73,15
20,71,15
12,46,15
98,33,15
51,73,15
24,2,15
10,39,15
84,90,15
31,23,15
10,84,15
72,49,15
62,14,15
97,96,15
42,66,15
30,28,15
80,63,15
76,90,15
17,69,15
96,75,15
63,33,15
83,88,15
90,33,15
10,54,15
94,47,15
18,17,15
77,46,15
12,28,15
39,70,15
41,99,15
15,28,15
81,56,15
97,74,15
55,37,15
25,61,15
27,91,15
78,89,15
72,24,15
31,85,15
10,99,15
94,63,15
46,69,15
98,75,15
93,49,15
91,14,15
44,95,15
4,5,15
41,63,15
43,6,15
9,6,15
73,89,15
18,58,15
80,41,15
18,6,15
6,95,15
21,81,15
29,50,15
18,59,15
20,60,15
23,19,15
88,5,15
87,88,15
9,76,15
24,14,15
36,61,15
95,69,15
17,14,15
57,43,15
38,15,15
89,73,15
67,31,15
38,41,15
77,58,15
80,18,15
83,79,15
72,97,15
33,12,15
8,65,15
39,20,15
37,92,15
3,30,15
59,75,15
98,37,15
82,29,15
39,55,15
29,86,15
60,19,15
25,45,15
67,19,15
90,73,15
83,16,15
22,52,15
46,36,15
34,5,15
76,63,15
3,52,15
54,5,15
2,51,15
67,30,15
92,76,15
15,16,15
47,60,15
66,7,15
10,98,15
17,78,15
69,9,15
44,87,15
86,53,15
72,35,15
45,26,15
5,54,15
64,23,15
86,46,15
8,84,15
99,57,15
46,23,15
17,1,15
7,70,15
39,7,15
75,10,15
7,12,15
48,86,15
28,10,15
47,10,15
66,54,15
62,53,15
85,12,15
45,96,15
56,75,15
86,90,15
70,99,15
82,81,15
41,7,15
99,95,15
36,57,15
86,77,15
22,38,15
93,1,15
85,15,15
83,65,15
79,35,15
44,94,15
82,87,15
5,35,15
2,96,15
6,74,15
47,3,15
17,58,15
17,57,15
91,23,15
32,7,15
21,97,15
87,36,15
67,25,15
32,85,15
70,4,15
46,13,15
14,64,15
51,6,15
98,68,15
15,0,15
54,53,15
0,18,15
6,1,15
45,88,15
37,87,15
45,55,15
92,82,15
65,99,15
50,12,15
11,20,15
52,9,15
58,53,15
9,13,15
61,61,15
20,8,15
80,71,15
14,29,15
65,27,15
41,47,15
14,7,15
73,97,15
42,29,15
92,47,15
90,72,15
93,19,15
58,77,15
71,7,15
61,63,15
5,64,15
82,14,15
52,26,15
83,36,15
35,35,15
22,84,15
49,36,15
53,52,15
89,71,15
43,30,15
52,89,15
38,8,15
22,69,15
68,83,15
43,32,15
70,22,15
76,92,15
5,12,15
4,31,15
13,44,15
61,27,15
10,33,15
31,19,15
0,87,15
15,27,14
48,13,14
2,75,14
15,25,14
82,39,14
29,94,14
63,40,14
96,11,14
65,81,14
81,87,14
64,35,14
74,14,14
89,28,14
73,81,14
95,11,14
80,15,14
68,94,14
74,15,14
9,11,14
53,98,14
23,80,14
95,24,14
58,26,14
17,94,14
25,74,14
28,37,14
44,92,14
65,79,14
47,68,14
32,28,14
45,69,14
94,87,14
49,14,14
30,38,14
94,40,14
47,77,14
73,95,14
60,2,14
63,37,14
59,48,14
36,95,14
61,73,14
83,24,14
69,88,14
48,32,14
6,83,14
1,50,14
61,88,14
67,11,14
53,44,14
97,21,14
39,68,14
80,89,14
9,57,14
41,98,14
57,55,14
43,40,14
99,35,14
17,42,14
26,47,14
75,52,14
11,86,14
99,26,14
8,89,14
33,62,14
13,47,14
85,77,14
53,47,14
3,16,14
85,52,14
75,60,14
42,93,14
31,36,14
5,98,14
53,61,14
85,67,14
41,27,14
74,96,14
74,63,14
57,24,14
90,92,14
19,64,14
38,26,14
28,79,14
8,83,14
14,15,14
73,83,14
31,51,14
71,50,14
66,57,14
20,20,14
97,41,14
10,97,14
63,62,14
35,91,14
32,16,14
37,66,14
0,55,14
50,42,14
76,64,14
84,89,14
66,95,14
55,22,14
58,6,14
74,3,14
90,49,14
53,64,14
24,99,14
48,22,14
25,44,14
14,43,14
57,25,14
92,5,14
64,82,14
5,2,14
66,15,14
19,74,14
87,60,14
2,40,14
14,4,14
87,81,14
52,36,14
4,57,14
95,42,14
95,70,14
23,14,14
89,22,14
16,75,14
73,72,14
82,18,14
4,96,14
61,59,14
48,14,14
28,24,14
18,78,14
93,59,14
6,65,14
97,18,14
71,65,14
32,64,14
42,59,14
62,18,14
38,16,14
48,53,14
88,77,14
63,71,14
38,53,14
61,33,14
64,40,14
30,0,14
50,26,14
63,4,14
53,90,14
26,20,14
47,28,14
91,50,14
62,68,14
7,97,14
91,56,14
59,83,14
51,49,14
18,63,14
93,35,14
39,79,14
69,90,14
20,27,14
45,25,14
14,23,14
42,54,14
3,51,14
70,72,14
47,59,14
52,80,14
89,0,14
68,28,14
70,58,14
50,51,14
36,11,14
21,24,14
14,51,14
92,14,14
34,40,14
74,92,14
91,64,14
92,78,14
56,33,14
20,47,14
46,93,14
49,85,14
53,0,14
0,14,14
1,71,14
59,30,14
95,86,14
72,47,14
63,23,14
8,14,14
70,6,14
56,18,14
0,75,14
47,16,14
92,37,14
17,76,14
60,50,14
42,81,14
34,69,14
40,17,14
73,51,14
0,73,14
81,14,14
9,87,14
48,84,14
75,26,14
77,99,14
86,34,14
34,96,14
64,81,14
25,5,14
57,17,14
83,30,14
72,72,14
43,67,14
60,32,14
43,5,14
38,87,14
64,10,14
18,97,14
54,3,14
22,26,14
45,66,14
39,82,14
73,7,14
0,67,14
68,65,14
91,52,14
44,28,14
50,40,14
32,10,14
54,19,14
20,19,14
51,36,14
54,44,14
20,79,14
28,28,14
58,22,14
85,89,14
31,72,14
25,97,14
85,47,14
27,29,14
83,6,14
67,4,14
87,20,14
96,98,14
88,56,14
50,59,14
82,57,14
72,14,14
47,17,14
92,9,14
50,11,14
3,56,14
48,90,14
78,54,14
22,88,14
20,0,14
75,25,14
39,33,14
2,43,14
48,51,14
66,92,14
0,93,14
85,45,14
59,35,14
1,49,14
33,40,14
68,13,14
53,82,14
32,86,14
19,62,14
49,48,14
96,43,14
93,99,14
87,11,14
32,82,14
16,69,14
70,18,14
69,79,14
44,52,14
49,50,14
15,80,14
68,14,14
10,24,14
20,73,14
31,43,14
21,26,14
87,57,14
78,12,14
49,31,14
74,1,14
48,7,14
52,95,14
27,40,14
16,33,14
19,18,14
5,8,14
59,19,14
34,6,14
10,42,14
43,0,14
80,4,14
31,69,14
76,60,14
72,99,14
45,94,14
80,96,14
48,89,14
86,73,14
53,12,14
94,19,14
43,29,14
35,34,14
34,14,14
13,64,14
88,30,14
22,97,14
69,91,14
95,72,14
50,3,14
77,95,14
89,81,14
84,39,14
37,55,14
71,58,14
88,31,14
1,56,14
3,97,14
8,51,14
88,65,14
98,80,14
65,58,14
57,90,14
69,51,14
99,89,14
64,76,14
93,82,14
71,72,14
38,63,14
55,35,14
81,49,14
73,15,14
17,43,14
55,45,14
25,14,14
53,28,14
10,21,14
37,93,14
36,18,14
43,96,14
28,96,14
11,9,14
66,11,14
39,15,14
55,84,14
31,88,14
99,99,14
63,24,14
17,92,14
24,63,14
29,68,14
5,94,14
82,78,14
26,3,14
64,54,14
89,80,14
35,94,14
81,11,14
51,47,14
31,83,14
40,30,14
14,9,14
95,28,14
3,49,14
77,64,14
38,33,14
98,67,14
78,44,14
33,33,14
73,99,14
49,62,14
74,89,14
20,36,14
8,36,14
59,27,14
79,23,14
86,75,14
50,58,14
24,13,14
64,20,14
87,48,13
65,1,13
48,71,13
43,88,13
9,47,13
64,45,13
95,38,13
40,4,13
95,45,13
18,82,13
11,11,13
19,24,13
2,12,13
21,22,13
89,91,13
70,26,13
57,62,13
99,81,13
37,21,13
41,33,13
28,68,13
40,68,13
24,0,13
32,48,13
6,75,13
33,76,13
57,98,13
74,56,13
48,52,13
31,21,13
52,30,13
27,81,13
74,29,13
68,77,13
49,45,13
64,9,13
11,19,13
51,97,13
8,64,13
92,65,13
46,43,13
13,98,13
97,92,13
94,31,13
69,50,13
50,47,13
43,70,13
48,95,13
59,31,13
7,88,13
30,74,13
82,40,13
83,51,13
83,63,13
3,99,13
55,43,13
25,6,13
37,73,13
12,35,13
86,93,13
28,95,13
87,64,13
93,84,13
98,0,13
49,22,13
24,83,13
95,54,13
32,42,13
12,34,13
13,35,13
65,43,13
99,4,13
19,13,13
97,52,13
5,4,13
55,82,13
69,39,13
59,1,13
89,85,13
0,76,13
33,6,13
94,3,13
21,73,13
77,54,13
76,4,13
47,35,13
58,43,13
78,20,13
63,98,13
3,74,13
35,57,13
67,26,13
54,88,13
98,11,13
99,84,13
99,71,13
0,65,13
75,43,13
11,37,13
56,73,13
78,17,13
10,77,13
37,59,13
50,64,13
47,88,13
11,54,13
24,43,13
79,38,13
17,34,13
99,8,13
75,0,13
70,13,13
41,81,13
26,65,13
7,37,13
69,38,13
1,39,13
94,26,13
23,6,13
46,96,13
85,28,13
96,40,13
33,97,13
62,0,13
99,1,13
32,72,13
53,2,13
12,30,13
91,69,13
18,45,13
61,36,13
42,46,13
87,9,13
29,65,13
13,95,13
5,56,13
49,60,13
59,21,13
86,49,13
66,29,13
38,88,13
54,91,13
76,68,13
42,96,13
7,20,13
5,65,13
33,68,13
18,10,13
95,21,13
62,84,13
6,86,13
46,56,13
2,54,13
95,51,13
37,79,13
9,83,13
88,19,13
7,43,13
98,95,13
91,62,13
72,95,13
2,95,13
80,83,13
18,86,13
68,51,13
67,48,13
81,75,13
82,12,13
5,87,13
16,28,13
93,7,13
51,15,13
2,26,13
56,64,13
30,83,13
13,58,13
24,27,13
69,73,13
86,13,13
31,52,13
60,70,13
58,75,13
97,84,13
65,34,13
52,24,13
74,41,13
51,29,13
25,11,13
10,0,13
7,99,13
65,46,13
54,75,13
11,80,13
93,51,13
58,35,13
55,0,13
33,83,13
61,94,13
59,26,13
77,38,13
42,26,13
34,99,13
92,19,13
55,68,13
8,38,13
85,73,13
36,16,13
58,8,13
5,43,13
52,14,13
11,83,13
94,57,13
46,46,13
18,14,13
91,42,13
65,2,13
75,24,13
94,25,13
94,14,13
34,31,13
43,80,13
24,72,13
23,61,13
17,40,13
94,91,13
67,0,13
56,67,13
49,10,13
26,23,13
83,95,13
37,28,13
69,98,13
13,19,13
84,59,13
89,6,13
96,25,13
83,47,13
65,0,13
59,90,13
43,14,13
24,48,13
43,65,13
58,71,13
12,9,13
96,57,13
14,56,13
50,50,13
49,88,13
93,8,13
31,1,13
46,2,13
60,42,13
94,97,13
78,98,13
99,94,13
33,28,13
36,15,13
30,88,13
41,37,13
40,50,13
24,84,13
80,84,13
22,55,13
25,53,13
54,10,13
0,21,13
16,68,13
5,59,13
21,68,13
58,48,13
93,93,13
75,87,13
21,55,13
22,91,13
48,79,13
61,9,13
76,83,13
44,35,13
1,48,13
19,11,13
27,52,13
48,68,13
53,37,13
32,46,13
89,82,13
6,43,13
34,84,13
18,15,13
95,66,13
15,84,13
6,54,13
88,12,13
45,68,13
25,71,13
88,72,13
93,2,13
69,66,13
73,14,12
58,5,12
48,65,12
12,93,12
70,84,12
82,2,12
11,66,12
76,76,12
31,63,12
12,11,12
72,84,12
90,36,12
69,46,12
87,26,12
31,91,12
7,39,12
52,60,12
45,19,12
43,46,12
34,55,12
67,54,12
54,11,12
4,15,12
88,74,12
4,44,12
28,18,12
52,4,12
61,81,12
36,49,12
14,65,12
10,46,12
78,36,12
14,37,12
0,22,12
17,24,12
15,29,12
2,2,12
83,31,12
51,96,12
42,73,12
23,93,12
72,87,12
9,69,12
24,55,12
73,40,12
51,20,12
47,24,12
82,41,12
23,69,12
12,51,12
84,14,12
19,77,12
55,39,12
76,73,12
2,8,12
14,71,12
41,66,12
25,37,12
72,19,12
29,24,12
3,98,12
19,33,12
6,88,12
59,40,12
11,67,12
4,56,12
65,19,12
55,6,12
4,78,12
86,70,12
76,75,12
15,94,12
10,47,12
63,48,12
98,81,12
98,28,12
12,3,12
97,24,12
59,89,12
67,87,12
68,74,12
94,22,12
56,51,12
48,8,12
22,95,12
74,62,12
18,62,12
28,12,12
12,98,12
4,75,12
89,32,12
36,74,12
78,86,12
57,33,12
34,23,12
98,35,12
71,42,12
80,65,12
45,65,12
26,77,12
41,42,12
56,19,12
4,88,12
67,18,12
51,3,12
20,9,12
52,35,12
90,25,12
28,54,12
21,13,12
63,7,12
1,63,12
63,10,12
84,50,12
88,75,12
65,83,12
46,49,12
25,9,12
67,36,12
93,70,12
26,16,12
88,73,12
66,35,12
26,64,12
8,60,12
42,92,12
34,28,12
68,73,12
1,94,12
97,22,12
83,15,12
70,33,12
36,19,12
64,28,12
14,63,12
86,11,12
66,86,12
23,89,12
29,14,12
26,67,12
12,97,12
16,84,12
87,98,12
9,98,12
37,90,12
47,13,12
6,36,12
82,43,12
32,23,12
74,88,12
45,97,12
65,87,12
9,79,12
26,50,12
73,30,12
97,28,12
3,39,12
65,31,12
14,69,12
30,55,12
30,29,12
23,38,12
50,0,12
84,24,12
55,10,12
8,4,12
69,67,12
19,39,12
34,39,12
82,64,12
53,92,12
27,93,12
97,12,12
51,39,12
24,49,12
77,59,12
62,57,12
44,8,11
67,77,11
89,96,11
14,14,11
12,88,11
79,43,11
94,69,11
36,76,11
38,81,11
22,79,11
54,87,11
65,57,11
18,35,11
87,65,11
12,21,11
61,43,11
19,95,11
24,73,11
89,98,11
39,37,11
99,59,11
70,21,11
29,17,11
87,35,11
27,75,11
75,27,11
59,86,11
24,89,11
17,26,11
3,8,11
9,29,11
96,9,11
57,88,11
76,1,11
54,18,11
16,49,11
82,96,11
45,13,11
19,76,11
50,34,11
97,26,11
78,32,11
90,14,11
40,35,11
63,75,11
68,57,11
74,51,11
24,22,11
76,50,11
81,80,11
9,65,11
77,23,11
71,98,11
23,78,11
87,53,11
31,80,11
56,16,11
30,61,11
55,51,11
3,65,11
3,25,11
79,96,11
58,32,11
91,26,11
97,45,11
7,1,11
37,77,11
86,27,11
87,93,11
67,73,11
49,30,11
36,62,11
52,99,11
83,98,11
50,9,11
99,27,11
23,4,11
79,76,11
8,80,11
62,42,11
74,70,11
87,62,11
43,12,11
78,95,11
78,81,11
97,71,11
50,88,11
22,96,11
37,18,11
43,66,11
39,11,11
14,12,11
74,52,11
90,82,11
83,42,11
30,30,11
18,73,11
26,75,11
47,84,11
34,12,11
79,18,11
91,4,11
15,49,11
84,64,11
80,2,11
29,54,11
8,90,10
80,31,10
71,60,10
15,68,10
35,67,10
95,35,10
32,76,10
3,4,10
70,74,10
62,96,10
52,58,10
20,16,10
30,43,10
74,16,10
17,11,10
30,34,10
24,35,10
57,58,10
83,84,10
85,76,10
72,53,10
41,89,10
81,20,10
91,51,10
26,79,10
13,56,10
81,84,10
82,31,10
14,57,10
68,15,10
33,52,10
69,47,10
27,82,10
3,42,10
3,10,10
96,5,10
41,82,10
37,35,10
15,91,10
9,72,10
32,6,10
14,26,10
76,18,10
78,25,10
80,54,10
77,5,10
64,85,10
23,99,10
69,71,10
13,74,10
20,92,10
73,96,10
21,47,10
84,66,10
44,58,10
56,60,10
56,79,10
71,38,10
63,51,10
82,25,10
26,51,10
75,90,9
7,19,9
57,75,9
27,90,9
56,98,9
71,13,9
89,95,9
63,92,9
66,69,9
49,2,9
26,80,9
32,62,9
90,66,9
60,56,9
9,64,9
63,29,9
53,26,9
16,59,9
59,3,9
61,15,9
40,72,9
1,22,9
30,48,9
24,15,9
54,41,9
56,76,9
9,60,9
73,8,8
5,85,8
11,97,8
18,85,8
61,22,8
38,98,8
2,78,8
99,56,8
38,89,8
79,21,8
9,94,7
83,67,7
36,7,7
11,31,7
92,60,7
32,90,7
33,46,6